step,reward,mean,median,std,max,min
0,5.733333333333333,5.733333333333333,5.733333333333333,0.0,5.733333333333333,5.733333333333333
1,5.733333333333333,5.733333333333333,5.733333333333333,0.0,5.733333333333333,5.733333333333333
2,-1.0,3.488888888888889,5.733333333333333,3.17412377332628,5.733333333333333,-1.0
3,-1.0,2.3666666666666667,2.3666666666666667,3.3666666666666667,5.733333333333333,-1.0
4,-1.0,1.6933333333333334,-1.0,3.2986461869480133,5.733333333333333,-1.0
5,-1.0,1.2444444444444445,-1.0,3.1741237733262797,5.733333333333333,-1.0
6,5.733333333333333,1.8857142857142857,-1.0,3.3321358393229827,5.733333333333333,-1.0
7,-1.0,1.525,-1.0,3.2597609830579097,5.733333333333333,-1.0
8,5.733333333333333,1.9925925925925927,-1.0,3.3458202329996856,5.733333333333333,-1.0
9,-1.0,1.6933333333333334,-1.0,3.298646186948013,5.733333333333333,-1.0
10,-1.0,1.4484848484848485,-1.0,3.2390409990002866,5.733333333333333,-1.0
11,-1.0,1.2444444444444445,-1.0,3.17412377332628,5.733333333333333,-1.0
12,-1.0,1.0717948717948718,-1.0,3.1076923076923078,5.733333333333333,-1.0
13,-1.0,0.9238095238095239,-1.0,3.0418099397810123,5.733333333333333,-1.0
14,5.733333333333333,1.2444444444444445,-1.0,3.17412377332628,5.733333333333333,-1.0
15,5.733333333333333,1.525,-1.0,3.2597609830579097,5.733333333333333,-1.0
16,-1.0,1.3764705882352941,-1.0,3.217756387718557,5.733333333333333,-1.0
17,5.733333333333333,1.6185185185185185,-1.0,3.282486678246683,5.733333333333333,-1.0
18,5.733333333333333,1.8350877192982455,-1.0,3.324435029769589,5.733333333333333,-1.0
19,-1.0,1.6933333333333334,-1.0,3.298646186948013,5.733333333333333,-1.0
20,5.733333333333333,1.8857142857142857,-1.0,3.3321358393229827,5.733333333333333,-1.0
21,-1.0,1.7545454545454546,-1.0,3.3105516256532987,5.733333333333333,-1.0
22,5.733333333333333,1.927536231884058,-1.0,3.337904867681534,5.733333333333333,-1.0
23,-1.0,1.8055555555555556,-1.0,3.3195781005170066,5.733333333333333,-1.0
24,-1.0,1.6933333333333334,-1.0,3.298646186948013,5.733333333333333,-1.0
25,-1.0,1.5897435897435899,-1.0,3.275795319764167,5.733333333333333,-1.0
26,-1.0,1.4938271604938274,-1.0,3.25155280457021,5.733333333333333,-1.0
27,-1.0,1.4047619047619049,-1.0,3.2263266532496964,5.733333333333333,-1.0
28,5.733333333333333,1.5540229885057473,-1.0,3.2671171844287334,5.733333333333333,-1.0
29,-1.0,1.468888888888889,-1.0,3.2447556928331043,5.733333333333333,-1.0
30,5.733333333333333,1.606451612903226,-1.0,3.2797130234939598,5.733333333333333,-1.0
31,5.733333333333333,1.7354166666666666,-1.0,3.306957496240985,5.733333333333333,-1.0
32,-1.0,1.6525252525252525,-1.0,3.2900526568814286,5.733333333333333,-1.0
33,-1.0,1.5745098039215686,-1.0,3.272144854564096,5.733333333333333,-1.0
34,5.733333333333333,1.6933333333333334,-1.0,3.298646186948013,5.733333333333333,-1.0
35,5.733333333333333,1.8055555555555556,-1.0,3.319578100517007,5.733333333333333,-1.0
36,5.733333333333333,1.9117117117117117,-1.0,3.3357848302020887,5.733333333333333,-1.0
37,5.733333333333333,2.0122807017543862,-1.0,3.347962818240017,5.733333333333333,-1.0
38,-1.0,1.935042735042735,-1.0,3.3388838293798035,5.733333333333333,-1.0
39,-1.0,1.8616666666666668,-1.0,3.328576188769673,5.733333333333333,-1.0
40,5.733333333333333,1.9560975609756097,-1.0,3.341538186808059,5.733333333333333,-1.0
41,-1.0,1.8857142857142857,-1.0,3.332135839322983,5.733333333333333,-1.0
42,-1.0,1.8186046511627907,-1.0,3.3217574372019207,5.733333333333333,-1.0
43,-1.0,1.7545454545454546,-1.0,3.310551625653299,5.733333333333333,-1.0
44,-1.0,1.6933333333333334,-1.0,3.2986461869480133,5.733333333333333,-1.0
45,5.733333333333333,1.781159420289855,-1.0,3.3153620780971558,5.733333333333333,-1.0
46,-1.0,1.721985815602837,-1.0,3.3043654526574477,5.733333333333333,-1.0
47,5.733333333333333,1.8055555555555554,-1.0,3.3195781005170066,5.733333333333333,-1.0
48,-1.0,1.7482993197278909,-1.0,3.309390618933393,5.733333333333333,-1.0
49,-1.0,1.6933333333333331,-1.0,3.298646186948013,5.733333333333333,-1.0
50,5.733333333333333,1.772549019607843,-1.0,3.313829909017319,5.733333333333333,-1.0
51,-1.0,1.7192307692307691,-1.0,3.303826751383283,5.733333333333333,-1.0
52,5.733333333333333,1.7949685534591193,-1.0,3.3177711964207797,5.733333333333333,-1.0
53,-1.0,1.7432098765432098,-1.0,3.308435593342176,5.733333333333333,-1.0
54,-1.0,1.6933333333333331,-1.0,3.2986461869480124,5.733333333333333,-1.0
55,-1.0,1.6452380952380952,-1.0,3.2884624463069327,5.733333333333333,-1.0
56,5.733333333333333,1.7169590643274852,-1.0,3.3033807645966453,5.733333333333333,-1.0
57,-1.0,1.6701149425287356,-1.0,3.2938215100464867,5.733333333333333,-1.0
58,5.733333333333333,1.7389830508474575,-1.0,3.3076362742714878,5.733333333333333,-1.0
59,-1.0,1.6933333333333331,-1.0,3.298646186948013,5.733333333333333,-1.0
60,-1.0,1.6491803278688524,-1.0,3.2893248240456505,5.733333333333333,-1.0
61,5.733333333333333,1.7150537634408602,-1.0,3.303005460000646,5.733333333333333,-1.0
62,5.733333333333333,1.7788359788359789,-1.0,3.314950908669531,5.733333333333333,-1.0
63,5.733333333333333,1.840625,-1.0,3.325315715744146,5.733333333333333,-1.0
64,-1.0,1.7969230769230768,-1.0,3.318107395246654,5.733333333333333,-1.0
65,-1.0,1.7545454545454544,-1.0,3.310551625653299,5.733333333333333,-1.0
66,-1.0,1.7134328358208955,-1.0,3.3026852721207027,5.733333333333333,-1.0
67,5.733333333333333,1.772549019607843,-1.0,3.313829909017319,5.733333333333333,-1.0
68,5.733333333333333,1.829951690821256,-1.0,3.3236097062001293,5.733333333333333,-1.0
69,-1.0,1.7895238095238095,-1.0,3.3168283897261586,5.733333333333333,-1.0
70,-1.0,1.7502347417840376,-1.0,3.309751671414329,5.733333333333333,-1.0
71,-1.0,1.712037037037037,-1.0,3.302408892377717,5.733333333333333,-1.0
72,-1.0,1.6748858447488584,-1.0,3.2948268147007616,5.733333333333333,-1.0
73,5.733333333333333,1.7297297297297298,-1.0,3.305866873122667,5.733333333333333,-1.0
74,-1.0,1.6933333333333334,-1.0,3.298646186948013,5.733333333333333,-1.0
75,-1.0,1.6578947368421053,-1.0,3.2912135749503117,5.733333333333333,-1.0
76,-1.0,1.6233766233766234,-1.0,3.2835901626101776,5.733333333333333,-1.0
77,-1.0,1.5897435897435896,-1.0,3.2757953197641676,5.733333333333333,-1.0
78,-1.0,1.5569620253164558,-1.0,3.267846819883143,5.733333333333333,-1.0
79,-1.0,1.525,-1.0,3.2597609830579097,5.733333333333333,-1.0
80,-1.0,1.4938271604938271,-1.0,3.2515528045702102,5.733333333333333,-1.0
81,5.733333333333333,1.545528455284553,-1.0,3.2649925700149187,5.733333333333333,-1.0
82,-1.0,1.514859437751004,-1.0,3.2571258632744704,5.733333333333333,-1.0
83,5.733333333333333,1.565079365079365,-1.0,3.2698474341134682,5.733333333333333,-1.0
84,5.733333333333333,1.6141176470588234,-1.0,3.28148052219295,5.733333333333333,-1.0
85,-1.0,1.583720930232558,-1.0,3.2743610702309685,5.733333333333333,-1.0
86,-1.0,1.554022988505747,-1.0,3.2671171844287334,5.733333333333333,-1.0
87,-1.0,1.525,-1.0,3.2597609830579093,5.733333333333333,-1.0
88,-1.0,1.496629213483146,-1.0,3.2523036873118687,5.733333333333333,-1.0
89,5.733333333333333,1.5437037037037034,-1.0,3.264533106898392,5.733333333333333,-1.0
90,5.733333333333333,1.5897435897435894,-1.0,3.2757953197641676,5.733333333333333,-1.0
91,-1.0,1.5615942028985503,-1.0,3.2689910939809526,5.733333333333333,-1.0
92,-1.0,1.5340501792114691,-1.0,3.262084338158996,5.733333333333333,-1.0
93,-1.0,1.50709219858156,-1.0,3.2550846652983774,5.733333333333333,-1.0
94,-1.0,1.4807017543859644,-1.0,3.248001018880981,5.733333333333333,-1.0
95,5.733333333333333,1.5250000000000001,-1.0,3.259760983057909,5.733333333333333,-1.0
96,-1.0,1.4989690721649485,-1.0,3.2529287309961736,5.733333333333333,-1.0
97,5.733333333333333,1.5421768707482992,-1.0,3.2641478246045987,5.733333333333333,-1.0
98,-1.0,1.5164983164983163,-1.0,3.2575540242360477,5.733333333333333,-1.0
99,-1.0,1.4913333333333332,-1.0,3.2508823417650787,5.733333333333333,-1.0
100,5.733333333333333,1.5333333333333332,-1.0,3.261901286060018,5.733333333333333,-1.0
101,-1.0,1.5084967320261435,-1.0,3.2554552381692368,5.733333333333333,-1.0
102,-1.0,1.4841423948220063,-1.0,3.248937573122866,5.733333333333333,-1.0
103,-1.0,1.4602564102564104,-1.0,3.2423548373857445,5.733333333333333,-1.0
104,5.733333333333333,1.5009523809523808,-1.0,3.253457118198217,5.733333333333333,-1.0
105,5.733333333333333,1.540880503144654,-1.0,3.263820101748876,5.733333333333333,-1.0
106,-1.0,1.5171339563862927,-1.0,3.2577198496199955,5.733333333333333,-1.0
107,-1.0,1.493827160493827,-1.0,3.25155280457021,5.733333333333333,-1.0
108,5.733333333333333,1.532721712538226,-1.0,3.2617449713195175,5.733333333333333,-1.0
109,-1.0,1.5096969696969693,-1.0,3.2557713959859207,5.733333333333333,-1.0
110,5.733333333333333,1.5477477477477473,-1.0,3.2655499152028153,5.733333333333333,-1.0
111,-1.0,1.525,-1.0,3.2597609830579093,5.733333333333333,-1.0
112,5.733333333333333,1.5622418879056044,-1.0,3.2691505348881784,5.733333333333333,-1.0
113,5.733333333333333,1.5988304093567247,-1.0,3.2779371449746724,5.733333333333333,-1.0
114,5.733333333333333,1.6347826086956516,-1.0,3.2861512701232005,5.733333333333333,-1.0
115,-1.0,1.6120689655172409,-1.0,3.281010020384645,5.733333333333333,-1.0
116,5.733333333333333,1.6472934472934466,-1.0,3.288912679852272,5.733333333333333,-1.0
117,-1.0,1.6248587570621462,-1.0,3.2839253142683704,5.733333333333333,-1.0
118,-1.0,1.6028011204481787,-1.0,3.2788647230016643,5.733333333333333,-1.0
119,5.733333333333333,1.6372222222222221,-1.0,3.2866936649030096,5.733333333333333,-1.0
120,-1.0,1.6154269972451791,-1.0,3.2817805233640986,5.733333333333333,-1.0
121,-1.0,1.5939890710382514,-1.0,3.2767993191006273,5.733333333333333,-1.0
122,-1.0,1.57289972899729,-1.0,3.2717546505059674,5.733333333333333,-1.0
123,-1.0,1.5521505376344087,-1.0,3.2666508720692446,5.733333333333333,-1.0
124,-1.0,1.5317333333333334,-1.0,3.2614921084272654,5.733333333333333,-1.0
125,-1.0,1.5116402116402117,-1.0,3.2562822675022116,5.733333333333333,-1.0
126,5.733333333333333,1.5448818897637795,-1.0,3.264829892183529,5.733333333333333,-1.0
127,5.733333333333333,1.5776041666666667,-1.0,3.2728924234594388,5.733333333333333,-1.0
128,-1.0,1.557622739018088,-1.0,3.268010460139228,5.733333333333333,-1.0
129,-1.0,1.537948717948718,-1.0,3.263076923076923,5.733333333333333,-1.0
130,-1.0,1.5185750636132316,-1.0,3.258095314332394,5.733333333333333,-1.0
131,-1.0,1.4994949494949494,-1.0,3.253068959825767,5.733333333333333,-1.0
132,-1.0,1.4807017543859649,-1.0,3.248001018880981,5.733333333333333,-1.0
133,-1.0,1.4621890547263683,-1.0,3.2428944931871,5.733333333333333,-1.0
134,5.733333333333333,1.4938271604938271,-1.0,3.2515528045702102,5.733333333333333,-1.0
135,-1.0,1.4754901960784312,-1.0,3.246574955659324,5.733333333333333,-1.0
136,-1.0,1.4574209245742091,-1.0,3.241560831595048,5.733333333333333,-1.0
137,-1.0,1.4396135265700483,-1.0,3.236513080443434,5.733333333333333,-1.0
138,-1.0,1.4220623501199041,-1.0,3.23143422176681,5.733333333333333,-1.0
139,5.733333333333333,1.4528571428571426,-1.0,3.2402772410149496,5.733333333333333,-1.0
140,-1.0,1.4354609929078013,-1.0,3.235320762707114,5.733333333333333,-1.0
141,-1.0,1.4183098591549295,-1.0,3.230334937756546,5.733333333333333,-1.0
142,5.733333333333333,1.4484848484848485,-1.0,3.2390409990002866,5.733333333333333,-1.0
143,5.733333333333333,1.4782407407407407,-1.0,3.2473287204388637,5.733333333333333,-1.0
144,5.733333333333333,1.5075862068965518,-1.0,3.255215078621628,5.733333333333333,-1.0
145,5.733333333333333,1.5365296803652966,-1.0,3.262716204088079,5.733333333333333,-1.0
146,5.733333333333333,1.565079365079365,-1.0,3.2698474341134682,5.733333333333333,-1.0
147,-1.0,1.5477477477477477,-1.0,3.265549915202815,5.733333333333333,-1.0
148,-1.0,1.530648769574944,-1.0,3.2612142708179688,5.733333333333333,-1.0
149,-1.0,1.5137777777777777,-1.0,3.25684279443364,5.733333333333333,-1.0
150,5.733333333333333,1.5417218543046358,-1.0,3.264032858443894,5.733333333333333,-1.0
151,5.733333333333333,1.569298245614035,-1.0,3.2708787879639436,5.733333333333333,-1.0
152,5.733333333333333,1.5965141612200435,-1.0,3.2773937149507586,5.733333333333333,-1.0
153,5.733333333333333,1.6233766233766234,-1.0,3.283590162610177,5.733333333333333,-1.0
154,5.733333333333333,1.6498924731182794,-1.0,3.2894800804849855,5.733333333333333,-1.0
155,5.733333333333333,1.6760683760683759,-1.0,3.2950748770653395,5.733333333333333,-1.0
156,-1.0,1.6590233545647557,-1.0,3.2914564234213826,5.733333333333333,-1.0
157,5.733333333333333,1.6848101265822781,-1.0,3.2968949184328866,5.733333333333333,-1.0
158,5.733333333333333,1.7102725366876308,-1.0,3.3020586291847556,5.733333333333333,-1.0
159,5.733333333333333,1.7354166666666664,-1.0,3.306957496240985,5.733333333333333,-1.0
160,-1.0,1.7184265010351965,-1.0,3.3036690409462217,5.733333333333333,-1.0
161,-1.0,1.7016460905349793,-1.0,3.3003321162825294,5.733333333333333,-1.0
162,-1.0,1.6850715746421265,-1.0,3.296948979734522,5.733333333333333,-1.0
163,-1.0,1.6686991869918697,-1.0,3.2935217991932064,5.733333333333333,-1.0
164,5.733333333333333,1.6933333333333331,-1.0,3.2986461869480133,5.733333333333333,-1.0
165,-1.0,1.6771084337349396,-1.0,3.2952926862177994,5.733333333333333,-1.0
166,-1.0,1.6610778443113772,-1.0,3.291897455603944,5.733333333333333,-1.0
167,5.733333333333333,1.6853174603174603,-1.0,3.2969998033745394,5.733333333333333,-1.0
168,5.733333333333333,1.7092702169625247,-1.0,3.3018592266117026,5.733333333333333,-1.0
169,-1.0,1.6933333333333334,-1.0,3.2986461869480133,5.733333333333333,-1.0
170,-1.0,1.6775828460038986,-1.0,3.2953919239667453,5.733333333333333,-1.0
171,-1.0,1.662015503875969,-1.0,3.2920982948906863,5.733333333333333,-1.0
172,5.733333333333333,1.6855491329479766,-1.0,3.297047671736855,5.733333333333333,-1.0
173,-1.0,1.6701149425287354,-1.0,3.2938215100464876,5.733333333333333,-1.0
174,-1.0,1.6548571428571426,-1.0,3.290557953639246,5.733333333333333,-1.0
175,5.733333333333333,1.678030303030303,-1.0,3.295485457883577,5.733333333333333,-1.0
176,5.733333333333333,1.700941619585687,-1.0,3.300190086363734,5.733333333333333,-1.0
177,5.733333333333333,1.7235955056179773,-1.0,3.3046790958082357,5.733333333333333,-1.0
178,-1.0,1.7083798882681562,-1.0,3.3016818383711892,5.733333333333333,-1.0
179,5.733333333333333,1.7307407407407405,-1.0,3.306061502933619,5.733333333333333,-1.0
180,-1.0,1.7156537753222834,-1.0,3.3031237729985037,5.733333333333333,-1.0
181,5.733333333333333,1.7377289377289373,-1.0,3.307398037364583,5.733333333333333,-1.0
182,5.733333333333333,1.759562841530054,-1.0,3.3114754098360653,5.733333333333333,-1.0
183,-1.0,1.7445652173913044,-1.0,3.308690712540829,5.733333333333333,-1.0
184,5.733333333333333,1.7661261261261259,-1.0,3.3126719583459696,5.733333333333333,-1.0
185,-1.0,1.751254480286738,-1.0,3.3099414323065477,5.733333333333333,-1.0
186,-1.0,1.7365418894830658,-1.0,3.3071720864847296,5.733333333333333,-1.0
187,-1.0,1.7219858156028367,-1.0,3.3043654526574477,5.733333333333333,-1.0
188,-1.0,1.7075837742504407,-1.0,3.3015230099711115,5.733333333333333,-1.0
189,-1.0,1.6933333333333331,-1.0,3.2986461869480133,5.733333333333333,-1.0
190,-1.0,1.6792321116928444,-1.0,3.2957363634053607,5.733333333333333,-1.0
191,5.733333333333333,1.7003472222222225,-1.0,3.3000701268911987,5.733333333333333,-1.0
192,5.733333333333333,1.7212435233160621,-1.0,3.3042205450713893,5.733333333333333,-1.0
193,-1.0,1.7072164948453608,-1.0,3.301449668756029,5.733333333333333,-1.0
194,-1.0,1.6933333333333334,-1.0,3.2986461869480133,5.733333333333333,-1.0
195,5.733333333333333,1.7139455782312922,-1.0,3.3027866454187116,5.733333333333333,-1.0
196,-1.0,1.7001692047377324,-1.0,3.300034178260391,5.733333333333333,-1.0
197,5.733333333333333,1.7205387205387204,-1.0,3.3040827958265404,5.733333333333333,-1.0
198,-1.0,1.706867671691792,-1.0,3.301379973688971,5.733333333333333,-1.0
199,-1.0,1.6933333333333334,-1.0,3.2986461869480133,5.733333333333333,-1.0
200,-1.0,1.6799336650082919,-1.0,3.2958826175817797,5.733333333333333,-1.0
201,5.733333333333333,1.7,-1.0,3.3000000000000007,5.733333333333333,-1.0
202,-1.0,1.6866995073891624,-1.0,3.2972851115347193,5.733333333333333,-1.0
203,-1.0,1.6735294117647057,-1.0,3.294541726903974,5.733333333333333,-1.0
204,-1.0,1.6604878048780487,-1.0,3.2917709306097493,5.733333333333333,-1.0
205,-1.0,1.6475728155339804,-1.0,3.2889737727302726,5.733333333333333,-1.0
206,5.733333333333333,1.6673107890499195,-1.0,3.29322726225922,5.733333333333333,-1.0
207,-1.0,1.6544871794871794,-1.0,3.2904779018381523,5.733333333333333,-1.0
208,5.733333333333333,1.6740031897926635,-1.0,3.2946413692918477,5.733333333333333,-1.0
209,5.733333333333333,1.6933333333333334,-1.0,3.298646186948013,5.733333333333333,-1.0
210,5.733333333333333,1.7124802527646128,-1.0,3.3024967191975247,5.733333333333333,-1.0
211,5.733333333333333,1.7314465408805029,-1.0,3.306197186533292,5.733333333333333,-1.0
212,5.733333333333333,1.7502347417840374,-1.0,3.309751671414329,5.733333333333333,-1.0
213,-1.0,1.7373831775700932,-1.0,3.307332268580659,5.733333333333333,-1.0
214,-1.0,1.7246511627906975,-1.0,3.30488434551458,5.733333333333333,-1.0
215,5.733333333333333,1.74320987654321,-1.0,3.3084355933421765,5.733333333333333,-1.0
216,-1.0,1.7305683563748082,-1.0,3.3060283398797856,5.733333333333333,-1.0
217,5.733333333333333,1.7489296636085627,-1.0,3.3095083380310792,5.733333333333333,-1.0
218,5.733333333333333,1.7671232876712328,-1.0,3.312852574617105,5.733333333333333,-1.0
219,5.733333333333333,1.7851515151515152,-1.0,3.3160646213550717,5.733333333333333,-1.0
220,-1.0,1.7725490196078433,-1.0,3.3138299090173193,5.733333333333333,-1.0
221,5.733333333333333,1.7903903903903902,-1.0,3.3169790620149526,5.733333333333333,-1.0
222,-1.0,1.777877428998505,-1.0,3.3147807888381684,5.733333333333333,-1.0
223,-1.0,1.7654761904761904,-1.0,3.312554068356064,5.733333333333333,-1.0
224,5.733333333333333,1.7831111111111109,-1.0,3.3157061627992146,5.733333333333333,-1.0
225,-1.0,1.7707964601769908,-1.0,3.313515224268993,5.733333333333333,-1.0
226,-1.0,1.7585903083700438,-1.0,3.3112969644725556,5.733333333333333,-1.0
227,5.733333333333333,1.7760233918128652,-1.0,3.3144509298395746,5.733333333333333,-1.0
228,5.733333333333333,1.7933042212518193,-1.0,3.3174839789563944,5.733333333333333,-1.0
229,5.733333333333333,1.8104347826086953,-1.0,3.3203991530540065,5.733333333333333,-1.0
230,5.733333333333333,1.827417027417027,-1.0,3.323199402836606,5.733333333333333,-1.0
231,5.733333333333333,1.8442528735632184,-1.0,3.3258875917895527,5.733333333333333,-1.0
232,-1.0,1.8320457796852647,-1.0,3.3239471944734116,5.733333333333333,-1.0
233,-1.0,1.81994301994302,-1.0,3.3219779798423774,5.733333333333333,-1.0
234,5.733333333333333,1.8365957446808512,-1.0,3.3246758130845717,5.733333333333333,-1.0
235,5.733333333333333,1.8531073446327686,-1.0,3.327266335476697,5.733333333333333,-1.0
236,-1.0,1.8410689170182843,-1.0,3.3253859099372214,5.733333333333333,-1.0
237,-1.0,1.8291316526610646,-1.0,3.323477178071551,5.733333333333333,-1.0
238,-1.0,1.8172942817294284,-1.0,3.321540971764885,5.733333333333333,-1.0
239,5.733333333333333,1.8336111111111113,-1.0,3.3241985829874543,5.733333333333333,-1.0
240,5.733333333333333,1.849792531120332,-1.0,3.3267530074304696,5.733333333333333,-1.0
241,5.733333333333333,1.8658402203856748,-1.0,3.329206709585633,5.733333333333333,-1.0
242,-1.0,1.8540466392318242,-1.0,3.3274111786668548,5.733333333333333,-1.0
243,5.733333333333333,1.8699453551912568,-1.0,3.3298216743799647,5.733333333333333,-1.0
244,-1.0,1.8582312925170068,-1.0,3.328053171864558,5.733333333333333,-1.0
245,-1.0,1.8466124661246612,-1.0,3.3262573672136466,5.733333333333333,-1.0
246,-1.0,1.8350877192982455,-1.0,3.3244350297695884,5.733333333333333,-1.0
247,-1.0,1.8236559139784945,-1.0,3.322586908857234,5.733333333333333,-1.0
248,5.733333333333333,1.8393574297188755,-1.0,3.3251149473475325,5.733333333333333,-1.0
249,-1.0,1.828,-1.0,3.3232939482788257,5.733333333333333,-1.0
250,-1.0,1.8167330677290836,-1.0,3.321448100031672,5.733333333333333,-1.0
251,-1.0,1.8055555555555556,-1.0,3.3195781005170066,5.733333333333333,-1.0
252,-1.0,1.7944664031620554,-1.0,3.317684629811836,5.733333333333333,-1.0
253,5.733333333333333,1.80997375328084,-1.0,3.320321888707546,5.733333333333333,-1.0
254,-1.0,1.798954248366013,-1.0,3.3184555224609635,5.733333333333333,-1.0
255,-1.0,1.7880208333333334,-1.0,3.3165665143353324,5.733333333333333,-1.0
256,5.733333333333333,1.8033722438391697,-1.0,3.3192083148931584,5.733333333333333,-1.0
257,-1.0,1.7925064599483203,-1.0,3.3173460026752695,5.733333333333333,-1.0
258,-1.0,1.7817245817245817,-1.0,3.3154618383730567,5.733333333333333,-1.0
259,-1.0,1.7710256410256409,-1.0,3.3135564297319204,5.733333333333333,-1.0
260,5.733333333333333,1.7862068965517242,-1.0,3.3162495231394384,5.733333333333333,-1.0
261,-1.0,1.7755725190839695,-1.0,3.3143705515735458,5.733333333333333,-1.0
262,-1.0,1.765019011406844,-1.0,3.3124710630230116,5.733333333333333,-1.0
263,-1.0,1.7545454545454544,-1.0,3.310551625653299,5.733333333333333,-1.0
264,5.733333333333333,1.769559748427673,-1.0,3.3132925878400137,5.733333333333333,-1.0
265,-1.0,1.7591478696741856,-1.0,3.3113993047872152,5.733333333333333,-1.0
266,5.733333333333333,1.774032459425718,-1.0,3.3140955237971546,5.733333333333333,-1.0
267,-1.0,1.763681592039801,-1.0,3.312227867194779,5.733333333333333,-1.0
268,5.733333333333333,1.7784386617100372,-1.0,3.3148804290093463,5.733333333333333,-1.0
269,5.733333333333333,1.7930864197530862,-1.0,3.317446328849195,5.733333333333333,-1.0
270,5.733333333333333,1.8076260762607623,-1.0,3.3199274182914094,5.733333333333333,-1.0
271,5.733333333333333,1.822058823529412,-1.0,3.32232550205994,5.733333333333333,-1.0
272,-1.0,1.8117216117216117,-1.0,3.320614465793413,5.733333333333333,-1.0
273,-1.0,1.8014598540145985,-1.0,3.3188832012253964,5.733333333333333,-1.0
274,-1.0,1.7912727272727273,-1.0,3.3171322341675147,5.733333333333333,-1.0
275,-1.0,1.781159420289855,-1.0,3.3153620780971553,5.733333333333333,-1.0
276,5.733333333333333,1.7954271961492176,-1.0,3.3178501942925918,5.733333333333333,-1.0
277,-1.0,1.7853717026378895,-1.0,3.316103226565667,5.733333333333333,-1.0
278,5.733333333333333,1.799522102747909,-1.0,3.318552619450511,5.733333333333333,-1.0
279,-1.0,1.7895238095238093,-1.0,3.316828389726159,5.733333333333333,-1.0
280,5.733333333333333,1.8035587188612099,-1.0,3.319239955707145,5.733333333333333,-1.0
281,-1.0,1.7936170212765956,-1.0,3.317538025157023,5.733333333333333,-1.0
282,-1.0,1.783745583038869,-1.0,3.3158177656057397,5.733333333333333,-1.0
283,5.733333333333333,1.7976525821596243,-1.0,3.3182325741389884,5.733333333333333,-1.0
284,-1.0,1.7878362573099413,-1.0,3.3165343058150882,5.733333333333333,-1.0
285,-1.0,1.778088578088578,-1.0,3.314818287340983,5.733333333333333,-1.0
286,5.733333333333333,1.7918699186991864,-1.0,3.3172357683725853,5.733333333333333,-1.0
287,-1.0,1.7821759259259258,-1.0,3.315541436693679,5.733333333333333,-1.0
288,5.733333333333333,1.7958477508650519,-1.0,3.317922574414225,5.733333333333333,-1.0
289,5.733333333333333,1.809425287356322,-1.0,3.320229885057471,5.733333333333333,-1.0
290,-1.0,1.7997709049255441,-1.0,3.3185951304376373,5.733333333333333,-1.0
291,5.733333333333333,1.8132420091324202,-1.0,3.3208681986609383,5.733333333333333,-1.0
292,-1.0,1.8036405005688283,-1.0,3.3192538289099875,5.733333333333333,-1.0
293,-1.0,1.7941043083900228,-1.0,3.3176221590665107,5.733333333333333,-1.0
294,-1.0,1.7846327683615821,-1.0,3.3159736105204805,5.733333333333333,-1.0
295,5.733333333333333,1.7979729729729732,-1.0,3.3182874991774702,5.733333333333333,-1.0
296,5.733333333333333,1.811223344556678,-1.0,3.3205311563615636,5.733333333333333,-1.0
297,5.733333333333333,1.824384787472036,-1.0,3.322705946655765,5.733333333333333,-1.0
298,-1.0,1.8149386845039022,-1.0,3.3211505051928993,5.733333333333333,-1.0
299,5.733333333333333,1.8279999999999998,-1.0,3.3232939482788257,5.733333333333333,-1.0
300,-1.0,1.8186046511627907,-1.0,3.3217574372019207,5.733333333333333,-1.0
301,-1.0,1.809271523178808,-1.0,3.320204074821395,5.733333333333333,-1.0
302,5.733333333333333,1.8222222222222222,-1.0,3.3223522828499124,5.733333333333333,-1.0
303,5.733333333333333,1.8350877192982455,-1.0,3.3244350297695884,5.733333333333333,-1.0
304,-1.0,1.825792349726776,-1.0,3.3229353616522923,5.733333333333333,-1.0
305,5.733333333333333,1.8385620915032677,-1.0,3.3249887221065775,5.733333333333333,-1.0
306,-1.0,1.8293159609120517,-1.0,3.3235069826118107,5.733333333333333,-1.0
307,5.733333333333333,1.8419913419913418,-1.0,3.32553157376701,5.733333333333333,-1.0
308,-1.0,1.832793959007551,-1.0,3.3240674446318277,5.733333333333333,-1.0
309,5.733333333333333,1.8453763440860214,-1.0,3.326063866498689,5.733333333333333,-1.0
310,5.733333333333333,1.857877813504823,-1.0,3.327999150742485,5.733333333333333,-1.0
311,5.733333333333333,1.870299145299145,-1.0,3.3298744312925534,5.733333333333333,-1.0
312,5.733333333333333,1.8826411075612353,-1.0,3.331690817374433,5.733333333333333,-1.0
313,-1.0,1.8734607218683652,-1.0,3.3303441774777665,5.733333333333333,-1.0
314,5.733333333333333,1.8857142857142857,-1.0,3.3321358393229827,5.733333333333333,-1.0
315,5.733333333333333,1.8978902953586498,-1.0,3.333870597090975,5.733333333333333,-1.0
316,-1.0,1.8887486855941116,-1.0,3.332572406987128,5.733333333333333,-1.0
317,-1.0,1.879664570230608,-1.0,3.3312570303882776,5.733333333333333,-1.0
318,-1.0,1.8706374085684432,-1.0,3.329924836922745,5.733333333333333,-1.0
319,-1.0,1.8616666666666668,-1.0,3.3285761887696736,5.733333333333333,-1.0
320,5.733333333333333,1.8737279335410173,-1.0,3.3303837391251063,5.733333333333333,-1.0
321,5.733333333333333,1.8857142857142855,-1.0,3.332135839322983,5.733333333333333,-1.0
322,5.733333333333333,1.897626418988648,-1.0,3.3338334827196436,5.733333333333333,-1.0
323,5.733333333333333,1.9094650205761312,-1.0,3.3354776418462992,5.733333333333333,-1.0
324,-1.0,1.9005128205128201,-1.0,3.334238299246234,5.733333333333333,-1.0
325,5.733333333333333,1.9122699386503064,-1.0,3.335860917066608,5.733333333333333,-1.0
326,5.733333333333333,1.9239551478083585,-1.0,3.3374317903913204,5.733333333333333,-1.0
327,5.733333333333333,1.935569105691057,-1.0,3.3389518321421354,5.733333333333333,-1.0
328,5.733333333333333,1.9471124620060787,-1.0,3.3404219364918655,5.733333333333333,-1.0
329,-1.0,1.938181818181818,-1.0,3.339288124595325,5.733333333333333,-1.0
330,5.733333333333333,1.9496475327291034,-1.0,3.340739362233218,5.733333333333333,-1.0
331,5.733333333333333,1.9610441767068272,-1.0,3.342142253118982,5.733333333333333,-1.0
332,-1.0,1.9521521521521519,-1.0,3.341051056434373,5.733333333333333,-1.0
333,-1.0,1.9433133732534928,-1.0,3.339942579356816,5.733333333333333,-1.0
334,-1.0,1.9345273631840794,-1.0,3.3388171658283463,5.733333333333333,-1.0
335,5.733333333333333,1.9458333333333333,-1.0,3.340261030219046,5.733333333333333,-1.0
336,5.733333333333333,1.957072205736894,-1.0,3.3416577954692026,5.733333333333333,-1.0
337,-1.0,1.9483234714003943,-1.0,3.340573815292643,5.733333333333333,-1.0
338,5.733333333333333,1.9594886922320551,-1.0,3.3419531028396805,5.733333333333333,-1.0
339,5.733333333333333,1.9705882352941178,-1.0,3.343286754175583,5.733333333333333,-1.0
340,-1.0,1.9618768328445748,-1.0,3.3422432040291037,5.733333333333333,-1.0
341,5.733333333333333,1.972904483430799,-1.0,3.3435603460230485,5.733333333333333,-1.0
342,5.733333333333333,1.9838678328474244,-1.0,3.34483325403092,5.733333333333333,-1.0
343,5.733333333333333,1.9947674418604653,-1.0,3.3460626729087117,5.733333333333333,-1.0
344,-1.0,1.9860869565217392,-1.0,3.345086475514564,5.733333333333333,-1.0
345,-1.0,1.977456647398844,-1.0,3.344093300933152,5.733333333333333,-1.0
346,-1.0,1.9688760806916428,-1.0,3.343083471012067,5.733333333333333,-1.0
347,5.733333333333333,1.9796934865900382,-1.0,3.3443528824491335,5.733333333333333,-1.0
348,5.733333333333333,1.9904489016236866,-1.0,3.345579865690029,5.733333333333333,-1.0
349,-1.0,1.9819047619047618,-1.0,3.3446080070896853,5.733333333333333,-1.0
350,5.733333333333333,1.9925925925925925,-1.0,3.345820232999685,5.733333333333333,-1.0
351,-1.0,1.9840909090909091,-1.0,3.3448587764148994,5.733333333333333,-1.0
352,-1.0,1.9756373937677054,-1.0,3.3438810613089327,5.733333333333333,-1.0
353,5.733333333333333,1.9862523540489638,-1.0,3.345105289105269,5.733333333333333,-1.0
354,5.733333333333333,1.996807511737089,-1.0,3.3462887875912957,5.733333333333333,-1.0
355,-1.0,1.988389513108614,-1.0,3.3453476410592162,5.733333333333333,-1.0
356,-1.0,1.9800186741363208,-1.0,3.3443904936948825,5.733333333333333,-1.0
357,5.733333333333333,1.990502793296089,-1.0,3.345585925486788,5.733333333333333,-1.0
358,-1.0,1.9821727019498605,-1.0,3.344638819893831,5.733333333333333,-1.0
359,-1.0,1.9738888888888886,-1.0,3.343676129909773,5.733333333333333,-1.0
360,5.733333333333333,1.9843028624192056,-1.0,3.344883012251079,5.733333333333333,-1.0
361,5.733333333333333,1.994659300184162,-1.0,3.346050651697789,5.733333333333333,-1.0
362,5.733333333333333,2.0049586776859503,-1.0,3.347179674763811,5.733333333333333,-1.0
363,-1.0,1.9967032967032965,-1.0,3.34627726725234,5.733333333333333,-1.0
364,-1.0,1.9884931506849315,-1.0,3.3453593583133125,5.733333333333333,-1.0
365,5.733333333333333,1.9987249544626593,-1.0,3.3465001629859255,5.733333333333333,-1.0
366,5.733333333333333,2.008900999091735,-1.0,3.347603347403797,5.733333333333333,-1.0
367,-1.0,2.0007246376811594,-1.0,3.346719419949395,5.733333333333333,-1.0
368,-1.0,1.9925925925925925,-1.0,3.345820232999685,5.733333333333333,-1.0
369,-1.0,1.9845045045045044,-1.0,3.344906056417128,5.733333333333333,-1.0
370,-1.0,1.9764600179694518,-1.0,3.343977155388017,5.733333333333333,-1.0
371,5.733333333333333,1.9865591397849462,-1.0,3.345140163349259,5.733333333333333,-1.0
372,5.733333333333333,1.9966041108132262,-1.0,3.3462662998033594,5.733333333333333,-1.0
373,5.733333333333333,2.0065953654188946,-1.0,3.347356136186017,5.733333333333333,-1.0
374,5.733333333333333,2.0165333333333333,-1.0,3.348410233727841,5.733333333333333,-1.0
375,5.733333333333333,2.0264184397163123,-1.0,3.3494291436753203,5.733333333333333,-1.0
376,-1.0,2.0183908045977015,-1.0,3.348603943189544,5.733333333333333,-1.0
377,-1.0,2.0104056437389772,-1.0,3.347763810065901,5.733333333333333,-1.0
378,5.733333333333333,2.0202286719437117,-1.0,3.3487945831682153,5.733333333333333,-1.0
379,5.733333333333333,2.0300000000000002,-1.0,3.349791038258954,5.733333333333333,-1.0
380,5.733333333333333,2.039720034995626,-1.0,3.350753697973548,5.733333333333333,-1.0
381,5.733333333333333,2.0493891797556723,-1.0,3.351683075820846,5.733333333333333,-1.0
382,5.733333333333333,2.0590078328981725,-1.0,3.352579676375888,5.733333333333333,-1.0
383,-1.0,2.051041666666667,-1.0,3.3518390927697355,5.733333333333333,-1.0
384,-1.0,2.043116883116883,-1.0,3.351083404215618,5.733333333333333,-1.0
385,-1.0,2.0352331606217615,-1.0,3.3503128623331917,5.733333333333333,-1.0
386,5.733333333333333,2.0447889750215333,-1.0,3.351244424995832,5.733333333333333,-1.0
387,-1.0,2.036941580756014,-1.0,3.3504814299090895,5.733333333333333,-1.0
388,-1.0,2.0291345329905743,-1.0,3.3497039426164976,5.733333333333333,-1.0
389,-1.0,2.0213675213675213,-1.0,3.348912203193766,5.733333333333333,-1.0
390,-1.0,2.0136402387041774,-1.0,3.3481064477708125,5.733333333333333,-1.0
391,-1.0,2.005952380952381,-1.0,3.3472869086061445,5.733333333333333,-1.0
392,-1.0,1.998303647158609,-1.0,3.3464538141596027,5.733333333333333,-1.0
393,5.733333333333333,2.0077834179357024,-1.0,3.347483720382334,5.733333333333333,-1.0
394,-1.0,2.000168776371308,-1.0,3.3466585934112696,5.733333333333333,-1.0
395,5.733333333333333,2.0095959595959596,-1.0,3.3476775463889097,5.733333333333333,-1.0
396,5.733333333333333,2.0189756507136862,-1.0,3.3486647192381067,5.733333333333333,-1.0
397,-1.0,2.0113902847571192,-1.0,3.3478684467735147,5.733333333333333,-1.0
398,5.733333333333333,2.020718462823726,-1.0,3.3488452165936673,5.733333333333333,-1.0
399,-1.0,2.0131666666666668,-1.0,3.3480564801753934,5.733333333333333,-1.0
400,5.733333333333333,2.0224438902743143,-1.0,3.3490230104699465,5.733333333333333,-1.0
401,5.733333333333333,2.03167495854063,-1.0,3.3499589549621716,5.733333333333333,-1.0
402,5.733333333333333,2.0408602150537636,-1.0,3.350864754139124,5.733333333333333,-1.0
403,5.733333333333333,2.0500000000000003,-1.0,3.3517408412147067,5.733333333333333,-1.0
404,5.733333333333333,2.0590946502057617,-1.0,3.352587642274936,5.733333333333333,-1.0
405,-1.0,2.051559934318555,-1.0,3.351887854877209,5.733333333333333,-1.0
406,-1.0,2.044062244062244,-1.0,3.3511745449857595,5.733333333333333,-1.0
407,-1.0,2.036601307189543,-1.0,3.3504479257134685,5.733333333333333,-1.0
408,5.733333333333333,2.045639771801141,-1.0,3.3513260326648973,5.733333333333333,-1.0
409,-1.0,2.0382113821138215,-1.0,3.350606149712877,5.733333333333333,-1.0
410,5.733333333333333,2.0472019464720197,-1.0,3.351475307531804,5.733333333333333,-1.0
411,-1.0,2.0398058252427185,-1.0,3.3507620677672825,5.733333333333333,-1.0
412,-1.0,2.032445520581114,-1.0,3.3500359206960306,5.733333333333333,-1.0
413,-1.0,2.02512077294686,-1.0,3.34929706758412,5.733333333333333,-1.0
414,-1.0,2.0178313253012052,-1.0,3.348545706580528,5.733333333333333,-1.0
415,5.733333333333333,2.0267628205128205,-1.0,3.349464109348579,5.733333333333333,-1.0
416,5.733333333333333,2.0356514788169466,-1.0,3.350354218565144,5.733333333333333,-1.0
417,-1.0,2.028389154704944,-1.0,3.349628750973073,5.733333333333333,-1.0
418,-1.0,2.021161495624503,-1.0,3.348890953917068,5.733333333333333,-1.0
419,-1.0,2.013968253968254,-1.0,3.3481410176580773,5.733333333333333,-1.0
420,5.733333333333333,2.0228028503562947,-1.0,3.3490598860392016,5.733333333333333,-1.0
421,5.733333333333333,2.0315955766192735,-1.0,3.3499510159193218,5.733333333333333,-1.0
422,-1.0,2.0244286840031522,-1.0,3.349226419289513,5.733333333333333,-1.0
423,5.733333333333333,2.0331761006289306,-1.0,3.350108727609938,5.733333333333333,-1.0
424,-1.0,2.0260392156862745,-1.0,3.349390598912442,5.733333333333333,-1.0
425,5.733333333333333,2.034741784037559,-1.0,3.350264215959108,5.733333333333333,-1.0
426,5.733333333333333,2.0434035909445747,-1.0,3.3511110737066203,5.733333333333333,-1.0
427,-1.0,2.0362928348909657,-1.0,3.350417522596592,5.733333333333333,-1.0
428,5.733333333333333,2.0449106449106447,-1.0,3.3512561088207184,5.733333333333333,-1.0
429,5.733333333333333,2.0534883720930233,-1.0,3.3520685852548406,5.733333333333333,-1.0
430,-1.0,2.046403712296984,-1.0,3.351399123426341,5.733333333333333,-1.0
431,5.733333333333333,2.0549382716049385,-1.0,3.3522037307056207,5.733333333333333,-1.0
432,5.733333333333333,2.0634334103156275,-1.0,3.352982856605024,5.733333333333333,-1.0
433,-1.0,2.0563748079877113,-1.0,3.35233700675842,5.733333333333333,-1.0
434,5.733333333333333,2.0648275862068965,-1.0,3.3531086492912285,5.733333333333333,-1.0
435,-1.0,2.0577981651376147,-1.0,3.352468447757211,5.733333333333333,-1.0
436,5.733333333333333,2.0662090007627767,-1.0,3.353232714179562,5.733333333333333,-1.0
437,5.733333333333333,2.0745814307458144,-1.0,3.3539723701010873,5.733333333333333,-1.0
438,-1.0,2.0675778283978743,-1.0,3.3533550827890966,5.733333333333333,-1.0
439,-1.0,2.060606060606061,-1.0,3.3527259580619257,5.733333333333333,-1.0
440,5.733333333333333,2.068934240362812,-1.0,3.3534757859229676,5.733333333333333,-1.0
441,-1.0,2.0619909502262446,-1.0,3.3528520922128315,5.733333333333333,-1.0
442,-1.0,2.0550790067720093,-1.0,3.3522168149816647,5.733333333333333,-1.0
443,-1.0,2.0481981981981985,-1.0,3.3515701214558815,5.733333333333333,-1.0
444,5.733333333333333,2.056479400749064,-1.0,3.3523466862046067,5.733333333333333,-1.0
445,-1.0,2.049626307922272,-1.0,3.351705514416753,5.733333333333333,-1.0
446,-1.0,2.0428038777032067,-1.0,3.351053168538103,5.733333333333333,-1.0
447,-1.0,2.036011904761905,-1.0,3.350389809092988,5.733333333333333,-1.0
448,5.733333333333333,2.0442464736451376,-1.0,3.351192274933864,5.733333333333333,-1.0
449,5.733333333333333,2.0524444444444447,-1.0,3.3519708888214073,5.733333333333333,-1.0
450,5.733333333333333,2.060606060606061,-1.0,3.3527259580619257,5.733333333333333,-1.0
451,-1.0,2.0538348082595874,-1.0,3.3521009341620394,5.733333333333333,-1.0
452,-1.0,2.0470934510669614,-1.0,3.351464963909918,5.733333333333333,-1.0
453,5.733333333333333,2.055212922173275,-1.0,3.3522292596845893,5.733333333333333,-1.0
454,-1.0,2.0484981684981687,-1.0,3.351598611292475,5.733333333333333,-1.0
455,-1.0,2.041812865497076,-1.0,3.3509572441781637,5.733333333333333,-1.0
456,5.733333333333333,2.049890590809628,-1.0,3.351730502622348,5.733333333333333,-1.0
457,5.733333333333333,2.057933042212518,-1.0,3.352480871470537,5.733333333333333,-1.0
458,-1.0,2.051270878721859,-1.0,3.351860668552784,5.733333333333333,-1.0
459,-1.0,2.0446376811594202,-1.0,3.3512298901951825,5.733333333333333,-1.0
460,-1.0,2.0380332610267535,-1.0,3.3505886839691263,5.733333333333333,-1.0
461,5.733333333333333,2.046031746031746,-1.0,3.3513635571381815,5.733333333333333,-1.0
462,5.733333333333333,2.0539956803455723,-1.0,3.3521159435135055,5.733333333333333,-1.0
463,5.733333333333333,2.061925287356322,-1.0,3.3528461247394685,5.733333333333333,-1.0
464,-1.0,2.0553405017921147,-1.0,3.3522411105869083,5.733333333333333,-1.0
465,5.733333333333333,2.063233190271817,-1.0,3.3529647433051517,5.733333333333333,-1.0
466,-1.0,2.0566738044254107,-1.0,3.3523646683802046,5.733333333333333,-1.0
467,-1.0,2.05014245014245,-1.0,3.351754296603224,5.733333333333333,-1.0
468,-1.0,2.04363894811656,-1.0,3.351133768964283,5.733333333333333,-1.0
469,5.733333333333333,2.051489361702128,-1.0,3.3518812196854078,5.733333333333333,-1.0
470,-1.0,2.0450106157112526,-1.0,3.3512657055697948,5.733333333333333,-1.0
471,5.733333333333333,2.052824858757062,-1.0,3.3520065280444307,5.733333333333333,-1.0
472,5.733333333333333,2.0606060606060606,-1.0,3.3527259580619257,5.733333333333333,-1.0
473,-1.0,2.054149085794655,-1.0,3.3521302489745755,5.733333333333333,-1.0
474,-1.0,2.047719298245614,-1.0,3.3515245815332655,5.733333333333333,-1.0
475,-1.0,2.041316526610644,-1.0,3.3509090902037273,5.733333333333333,-1.0
476,-1.0,2.0349406009783366,-1.0,3.350283907639379,5.733333333333333,-1.0
477,-1.0,2.0285913528591353,-1.0,3.3496491647094,5.733333333333333,-1.0
478,-1.0,2.022268615170494,-1.0,3.3490049905263035,5.733333333333333,-1.0
479,5.733333333333333,2.03,-1.0,3.349791038258954,5.733333333333333,-1.0
480,-1.0,2.023700623700624,-1.0,3.349151943077032,5.733333333333333,-1.0
481,5.733333333333333,2.031396957123098,-1.0,3.3499311435172836,5.733333333333333,-1.0
482,-1.0,2.02512077294686,-1.0,3.3492970675841196,5.733333333333333,-1.0
483,-1.0,2.018870523415978,-1.0,3.348653802229247,5.733333333333333,-1.0
484,-1.0,2.0126460481099655,-1.0,3.348001470441907,5.733333333333333,-1.0
485,5.733333333333333,2.0203017832647463,-1.0,3.3488021458411694,5.733333333333333,-1.0
486,5.733333333333333,2.0279260780287474,-1.0,3.3495819527298747,5.733333333333333,-1.0
487,-1.0,2.02172131147541,-1.0,3.348948662845763,5.733333333333333,-1.0
488,5.733333333333333,2.0293115201090663,-1.0,3.3497217719589103,5.733333333333333,-1.0
489,-1.0,2.0231292517006803,-1.0,3.3490933831356413,5.733333333333333,-1.0
490,-1.0,2.016972165648337,-1.0,3.348456092052274,5.733333333333333,-1.0
491,5.733333333333333,2.0245257452574528,-1.0,3.3492363359938784,5.733333333333333,-1.0
492,-1.0,2.018390804597701,-1.0,3.348603943189544,5.733333333333333,-1.0
493,-1.0,2.0122807017543862,-1.0,3.3479628182400174,5.733333333333333,-1.0
494,-1.0,2.006195286195286,-1.0,3.347313075932023,5.733333333333333,-1.0
495,-1.0,2.0001344086021504,-1.0,3.3466548295637795,5.733333333333333,-1.0
496,-1.0,1.9940979208584841,-1.0,3.345988190967111,5.733333333333333,-1.0
497,5.733333333333333,2.001606425702811,-1.0,3.3468157201901416,5.733333333333333,-1.0
498,5.733333333333333,2.0090848363393454,-1.0,3.347622989385783,5.733333333333333,-1.0
499,5.733333333333333,2.0165333333333333,-1.0,3.348410233727841,5.733333333333333,-1.0
500,5.733333333333333,2.0239520958083834,-1.0,3.349177685248405,5.733333333333333,-1.0
501,5.733333333333333,2.0313413014608233,-1.0,3.3499255728887487,5.733333333333333,-1.0
502,-1.0,2.0253147779986747,-1.0,3.349316845648861,5.733333333333333,-1.0
503,-1.0,2.0193121693121694,-1.0,3.348699642788533,5.733333333333333,-1.0
504,5.733333333333333,2.026666666666667,-1.0,3.3494543502553435,5.733333333333333,-1.0
505,-1.0,2.0206851119894598,-1.0,3.3488417711602296,5.733333333333333,-1.0
506,5.733333333333333,2.0280078895463514,-1.0,3.349590225254996,5.733333333333333,-1.0
507,5.733333333333333,2.0353018372703415,-1.0,3.3503196555378993,5.733333333333333,-1.0
508,-1.0,2.0293385723641126,-1.0,3.3497244963188617,5.733333333333333,-1.0
509,-1.0,2.0233986928104577,-1.0,3.3491210104397684,5.733333333333333,-1.0
510,5.733333333333333,2.030658838878017,-1.0,3.349857188614046,5.733333333333333,-1.0
511,-1.0,2.0247395833333335,-1.0,3.3492581737046794,5.733333333333333,-1.0
512,-1.0,2.018843404808317,-1.0,3.3486509855394995,5.733333333333333,-1.0
513,5.733333333333333,2.026070038910506,-1.0,3.349393733439766,5.733333333333333,-1.0
514,-1.0,2.0201941747572816,-1.0,3.348791014201177,5.733333333333333,-1.0
515,5.733333333333333,2.0273901808785526,-1.0,3.3495277145645046,5.733333333333333,-1.0
516,-1.0,2.021534493874919,-1.0,3.348929415163672,5.733333333333333,-1.0
517,-1.0,2.0157014157014155,-1.0,3.348323138088578,5.733333333333333,-1.0
518,5.733333333333333,2.0228644829800904,-1.0,3.3490662135790603,5.733333333333333,-1.0
519,5.733333333333333,2.03,-1.0,3.349791038258954,5.733333333333333,-1.0
520,5.733333333333333,2.037108125399872,-1.0,3.3504978155973397,5.733333333333333,-1.0
521,5.733333333333333,2.0441890166028096,-1.0,3.3511867464606833,5.733333333333333,-1.0
522,5.733333333333333,2.051242829827916,-1.0,3.3518580291531395,5.733333333333333,-1.0
523,5.733333333333333,2.058269720101781,-1.0,3.352511859456115,5.733333333333333,-1.0
524,5.733333333333333,2.065269841269841,-1.0,3.3531484306670882,5.733333333333333,-1.0
525,-1.0,2.059442332065906,-1.0,3.3526195210124223,5.733333333333333,-1.0
526,-1.0,2.0536369386464264,-1.0,3.3520824622643186,5.733333333333333,-1.0
527,-1.0,2.047853535353535,-1.0,3.351537353476276,5.733333333333333,-1.0
528,-1.0,2.042091997479521,-1.0,3.3509842924977282,5.733333333333333,-1.0
529,5.733333333333333,2.049056603773585,-1.0,3.351651576819031,5.733333333333333,-1.0
530,5.733333333333333,2.055994978028876,-1.0,3.352301828046423,5.733333333333333,-1.0
531,5.733333333333333,2.062907268170426,-1.0,3.3529352323404114,5.733333333333333,-1.0
532,-1.0,2.0571607254534086,-1.0,3.3524096582604788,5.733333333333333,-1.0
533,5.733333333333333,2.0640449438202246,-1.0,3.353038105555303,5.733333333333333,-1.0
534,5.733333333333333,2.070903426791277,-1.0,3.3536500339753488,5.733333333333333,-1.0
535,5.733333333333333,2.07773631840796,-1.0,3.3542456228337763,5.733333333333333,-1.0
536,-1.0,2.072004965859714,-1.0,3.353746997989264,5.733333333333333,-1.0
537,5.733333333333333,2.078810408921933,-1.0,3.3543379703484923,5.733333333333333,-1.0
538,-1.0,2.073098330241187,-1.0,3.353842881873392,5.733333333333333,-1.0
539,5.733333333333333,2.0798765432098762,-1.0,3.3544292911808533,5.733333333333333,-1.0
540,-1.0,2.0741836105976583,-1.0,3.353937701621331,5.733333333333333,-1.0
541,5.733333333333333,2.0809348093480935,-1.0,3.3545196005028384,5.733333333333333,-1.0
542,5.733333333333333,2.087661141804788,-1.0,3.3550857457807233,5.733333333333333,-1.0
543,5.733333333333333,2.0943627450980395,-1.0,3.3556363060890235,5.733333333333333,-1.0
544,5.733333333333333,2.1010397553516817,-1.0,3.356171448008833,5.733333333333333,-1.0
545,5.733333333333333,2.107692307692308,-1.0,3.3566913360984305,5.733333333333333,-1.0
546,-1.0,2.1020109689213897,-1.0,3.3562481740919288,5.733333333333333,-1.0
547,5.733333333333333,2.1086374695863745,-1.0,3.3567641230653287,5.733333333333333,-1.0
548,5.733333333333333,2.115239829993928,-1.0,3.3572651057438385,5.733333333333333,-1.0
549,-1.0,2.109575757575757,-1.0,3.3568361158846067,5.733333333333333,-1.0
550,-1.0,2.1039322444041133,-1.0,3.3563991222443743,5.733333333333333,-1.0
551,5.733333333333333,2.1105072463768115,-1.0,3.356907326072796,5.733333333333333,-1.0
552,-1.0,2.1048824593128392,-1.0,3.356473368466458,5.733333333333333,-1.0
553,-1.0,2.0992779783393503,-1.0,3.3560315454117893,5.733333333333333,-1.0
554,-1.0,2.0936936936936936,-1.0,3.3555819466183125,5.733333333333333,-1.0
555,5.733333333333333,2.1002398081534768,-1.0,3.356108039605882,5.733333333333333,-1.0
556,-1.0,2.094673847995212,-1.0,3.355661537020026,5.733333333333333,-1.0
557,5.733333333333333,2.101194743130227,-1.0,3.3561837110412034,5.733333333333333,-1.0
558,5.733333333333333,2.1076923076923073,-1.0,3.3566913360984305,5.733333333333333,-1.0
559,-1.0,2.102142857142857,-1.0,3.3562585714809665,5.733333333333333,-1.0
560,5.733333333333333,2.1086155674390965,-1.0,3.356762439409719,5.733333333333333,-1.0
561,5.733333333333333,2.1150652431791217,-1.0,3.3572520263071537,5.733333333333333,-1.0
562,-1.0,2.1095322676139725,-1.0,3.356832784823852,5.733333333333333,-1.0
563,-1.0,2.1040189125295505,-1.0,3.356405905383193,5.733333333333333,-1.0
564,-1.0,2.0985250737463126,-1.0,3.355971473447082,5.733333333333333,-1.0
565,-1.0,2.0930506478209656,-1.0,3.355529573506315,5.733333333333333,-1.0
566,-1.0,2.0875955320399764,-1.0,3.355080289093335,5.733333333333333,-1.0
567,-1.0,2.082159624413145,-1.0,3.3546237027947856,5.733333333333333,-1.0
568,5.733333333333333,2.0885764499121264,-1.0,3.3551617361596526,5.733333333333333,-1.0
569,-1.0,2.083157894736842,-1.0,3.354708216921896,5.733333333333333,-1.0
570,5.733333333333333,2.0895504962054874,-1.0,3.355242326943521,5.733333333333333,-1.0
571,-1.0,2.084149184149184,-1.0,3.3547918439921767,5.733333333333333,-1.0
572,-1.0,2.078766724840023,-1.0,3.354334221263686,5.733333333333333,-1.0
573,5.733333333333333,2.0851335656213705,-1.0,3.354874596383636,5.733333333333333,-1.0
574,-1.0,2.079768115942029,-1.0,3.3544200193232427,5.733333333333333,-1.0
575,5.733333333333333,2.086111111111111,-1.0,3.3549564862590033,5.733333333333333,-1.0
576,5.733333333333333,2.092432120161756,-1.0,3.355479080242893,5.733333333333333,-1.0
577,-1.0,2.087081891580161,-1.0,3.3550375255702094,5.733333333333333,-1.0
578,5.733333333333333,2.093379389752447,-1.0,3.3555563635142915,5.733333333333333,-1.0
579,5.733333333333333,2.099655172413793,-1.0,3.3560615766671047,5.733333333333333,-1.0
580,-1.0,2.094320137693632,-1.0,3.355632848301611,5.733333333333333,-1.0
581,-1.0,2.089003436426117,-1.0,3.3551970992799856,5.733333333333333,-1.0
582,5.733333333333333,2.0952544311034877,-1.0,3.355708545572908,5.733333333333333,-1.0
583,-1.0,2.0899543378995435,-1.0,3.3552756565672395,5.733333333333333,-1.0
584,-1.0,2.0846723646723646,-1.0,3.3548358615716496,5.733333333333333,-1.0
585,5.733333333333333,2.0908987485779296,-1.0,3.3553534090759274,5.733333333333333,-1.0
586,5.733333333333333,2.0971039182282794,-1.0,3.3558576205045982,5.733333333333333,-1.0
587,-1.0,2.0918367346938775,-1.0,3.3554303677674904,5.733333333333333,-1.0
588,-1.0,2.0865874363327674,-1.0,3.3549962845255155,5.733333333333333,-1.0
589,5.733333333333333,2.0927683615819204,-1.0,3.3555065434172753,5.733333333333333,-1.0
590,5.733333333333333,2.0989283699943595,-1.0,3.356003672366801,5.733333333333333,-1.0
591,5.733333333333333,2.1050675675675676,-1.0,3.356487800632528,5.733333333333333,-1.0
592,5.733333333333333,2.111186059584036,-1.0,3.356959056028109,5.733333333333333,-1.0
593,5.733333333333333,2.117283950617284,-1.0,3.357417564941882,5.733333333333333,-1.0
594,5.733333333333333,2.123361344537815,-1.0,3.3578634523560096,5.733333333333333,-1.0
595,5.733333333333333,2.1294183445190153,-1.0,3.358296841865318,5.733333333333333,-1.0
596,5.733333333333333,2.135455053042993,-1.0,3.3587178556958284,5.733333333333333,-1.0
597,-1.0,2.1302118171683393,-1.0,3.3583528028772034,5.733333333333333,-1.0
598,5.733333333333333,2.136227045075125,-1.0,3.358770909908145,5.733333333333333,-1.0
599,-1.0,2.1310000000000002,-1.0,3.3584082042936156,5.733333333333333,-1.0
600,5.733333333333333,2.1369938990571273,-1.0,3.358823434517364,5.733333333333333,-1.0
601,-1.0,2.1317829457364343,-1.0,3.3584630535538746,5.733333333333333,-1.0
602,-1.0,2.1265892758430076,-1.0,3.3580957834552234,5.733333333333333,-1.0
603,5.733333333333333,2.1325607064017658,-1.0,3.3585173579740353,5.733333333333333,-1.0
604,5.733333333333333,2.138512396694215,-1.0,3.3589269229231205,5.733333333333333,-1.0
605,-1.0,2.1333333333333333,-1.0,3.358571124749333,5.733333333333333,-1.0
606,-1.0,2.128171334431631,-1.0,3.358208513619508,5.733333333333333,-1.0
607,-1.0,2.123026315789474,-1.0,3.3578391599165203,5.733333333333333,-1.0
608,-1.0,2.1178981937602632,-1.0,3.357463133279688,5.733333333333333,-1.0
609,-1.0,2.1127868852459017,-1.0,3.357080502613869,5.733333333333333,-1.0
610,5.733333333333333,2.118712493180578,-1.0,3.357523368838298,5.733333333333333,-1.0
611,5.733333333333333,2.1246187363834417,-1.0,3.3579543242709615,5.733333333333333,-1.0
612,5.733333333333333,2.130505709624796,-1.0,3.3583734823294313,5.733333333333333,-1.0
613,-1.0,2.1254071661237783,-1.0,3.3580110627933077,5.733333333333333,-1.0
614,-1.0,2.1203252032520323,-1.0,3.357642078579428,5.733333333333333,-1.0
615,5.733333333333333,2.1261904761904757,-1.0,3.358067248620626,5.733333333333333,-1.0
616,5.733333333333333,2.1320367368989737,-1.0,3.358480793528772,5.733333333333333,-1.0
617,5.733333333333333,2.1378640776699025,-1.0,3.3588828231590373,5.733333333333333,-1.0
618,-1.0,2.1327948303715667,-1.0,3.3585336694206895,5.733333333333333,-1.0
619,5.733333333333333,2.1386021505376345,-1.0,3.358933018225769,5.733333333333333,-1.0
620,-1.0,2.133548040794418,-1.0,3.3585860344370935,5.733333333333333,-1.0
621,5.733333333333333,2.1393354769560555,-1.0,3.3589827291352963,5.733333333333333,-1.0
622,5.733333333333333,2.145104333868379,-1.0,3.35936818124025,5.733333333333333,-1.0
623,5.733333333333333,2.1508547008547008,-1.0,3.359742496063771,5.733333333333333,-1.0
624,-1.0,2.1458133333333334,-1.0,3.359414867145765,5.733333333333333,-1.0
625,-1.0,2.140788072417465,-1.0,3.359080723219442,5.733333333333333,-1.0
626,-1.0,2.135778841041999,-1.0,3.3587401293376,5.733333333333333,-1.0
627,5.733333333333333,2.1415074309978768,-1.0,3.3591290185161826,5.733333333333333,-1.0
628,5.733333333333333,2.1472178060413354,-1.0,3.3595069045939896,5.733333333333333,-1.0
629,-1.0,2.1422222222222222,-1.0,3.359176853903716,5.733333333333333,-1.0
630,-1.0,2.137242472266244,-1.0,3.3588404224476283,5.733333333333333,-1.0
631,5.733333333333333,2.1429324894514767,-1.0,3.3592242352052484,5.733333333333333,-1.0
632,5.733333333333333,2.148604528699315,-1.0,3.3595972003246986,5.733333333333333,-1.0
633,5.733333333333333,2.1542586750788644,-1.0,3.359959417843329,5.733333333333333,-1.0
634,-1.0,2.1492913385826773,-1.0,3.3596417087518162,5.733333333333333,-1.0
635,5.733333333333333,2.1549266247379455,-1.0,3.3600015772449376,5.733333333333333,-1.0
636,5.733333333333333,2.1605442176870744,-1.0,3.360350871630982,5.733333333333333,-1.0
637,5.733333333333333,2.166144200626959,-1.0,3.3606896888968785,5.733333333333333,-1.0
638,-1.0,2.161189358372457,-1.0,3.3603903821164307,5.733333333333333,-1.0
639,5.733333333333333,2.1667708333333335,-1.0,3.360727019598649,5.733333333333333,-1.0
640,-1.0,2.1618304732189286,-1.0,3.360429522888151,5.733333333333333,-1.0
641,5.733333333333333,2.1673935617860853,-1.0,3.360764001550198,5.733333333333333,-1.0
642,5.733333333333333,2.172939346811819,-1.0,3.3610882419219976,5.733333333333333,-1.0
643,-1.0,2.168012422360248,-1.0,3.360800639083415,5.733333333333333,-1.0
644,-1.0,2.163100775193798,-1.0,3.3605067136182454,5.733333333333333,-1.0
645,-1.0,2.1582043343653248,-1.0,3.3602065264587426,5.733333333333333,-1.0
646,5.733333333333333,2.1637300360638845,-1.0,3.360544772563525,5.733333333333333,-1.0
647,5.733333333333333,2.169238683127572,-1.0,3.3608728978883047,5.733333333333333,-1.0
648,5.733333333333333,2.1747303543913716,-1.0,3.361190993751263,5.733333333333333,-1.0
649,5.733333333333333,2.1802051282051282,-1.0,3.3614991505456313,5.733333333333333,-1.0
650,-1.0,2.1753200204813106,-1.0,3.3612246139521917,5.733333333333333,-1.0
651,-1.0,2.170449897750511,-1.0,3.360943829349212,5.733333333333333,-1.0
652,-1.0,2.1655946911689634,-1.0,3.360656856198487,5.733333333333333,-1.0
653,5.733333333333333,2.1710499490316004,-1.0,3.3609788074645945,5.733333333333333,-1.0
654,-1.0,2.166208651399491,-1.0,3.360693533864638,5.733333333333333,-1.0
655,5.733333333333333,2.1716463414634144,-1.0,3.3610134657870776,5.733333333333333,-1.0
656,-1.0,2.1668188736681886,-1.0,3.360729876690193,5.733333333333333,-1.0
657,5.733333333333333,2.1722391084093213,-1.0,3.361047808204241,5.733333333333333,-1.0
658,-1.0,2.1674253920080933,-1.0,3.360765888739778,5.733333333333333,-1.0
659,-1.0,2.162626262626263,-1.0,3.3604779359435577,5.733333333333333,-1.0
660,-1.0,2.157841654059506,-1.0,3.3601840066511337,5.733333333333333,-1.0
661,5.733333333333333,2.1632426988922457,-1.0,3.3605153077734005,5.733333333333333,-1.0
662,5.733333333333333,2.168627450980392,-1.0,3.36083693646312,5.733333333333333,-1.0
663,-1.0,2.1638554216867467,-1.0,3.3605523420048287,5.733333333333333,-1.0
664,-1.0,2.1590977443609023,-1.0,3.360261833092366,5.733333333333333,-1.0
665,-1.0,2.1543543543543544,-1.0,3.3599654650732713,5.733333333333333,-1.0
666,-1.0,2.1496251874062966,-1.0,3.3596632927608856,5.733333333333333,-1.0
667,5.733333333333333,2.15499001996008,-1.0,3.360005571674473,5.733333333333333,-1.0
668,-1.0,2.1502740408570005,-1.0,3.359705147172835,5.733333333333333,-1.0
669,5.733333333333333,2.1556218905472635,-1.0,3.36004531917609,5.733333333333333,-1.0
670,5.733333333333333,2.1609538002980626,-1.0,3.3603759701936413,5.733333333333333,-1.0
671,5.733333333333333,2.166269841269841,-1.0,3.360697183147467,5.733333333333333,-1.0
672,5.733333333333333,2.171570084200099,-1.0,3.361009040147662,5.733333333333333,-1.0
673,-1.0,2.166864490603363,-1.0,3.360732589017581,5.733333333333333,-1.0
674,-1.0,2.162172839506173,-1.0,3.3604503744435354,5.733333333333333,-1.0
675,5.733333333333333,2.167455621301775,-1.0,3.360767680731453,5.733333333333333,-1.0
676,-1.0,2.1627769571639583,-1.0,3.360487082374123,5.733333333333333,-1.0
677,5.733333333333333,2.1680432645034413,-1.0,3.360802461995877,5.733333333333333,-1.0
678,-1.0,2.1633775159548354,-1.0,3.360523466016464,5.733333333333333,-1.0
679,-1.0,2.1587254901960784,-1.0,3.360238817639674,5.733333333333333,-1.0
680,-1.0,2.1540871267743515,-1.0,3.359948568603933,5.733333333333333,-1.0
681,5.733333333333333,2.1593352883675463,-1.0,3.3602764981496733,5.733333333333333,-1.0
682,5.733333333333333,2.164568081991215,-1.0,3.360595275619578,5.733333333333333,-1.0
683,-1.0,2.1599415204678363,-1.0,3.360313848195361,5.733333333333333,-1.0
684,5.733333333333333,2.1651581508515814,-1.0,3.3606307090334173,5.733333333333333,-1.0
685,-1.0,2.160544217687075,-1.0,3.360350871630982,5.733333333333333,-1.0
686,5.733333333333333,2.1657447840853954,-1.0,3.360665833067079,5.733333333333333,-1.0
687,5.733333333333333,2.1709302325581397,-1.0,3.3609718375504016,5.733333333333333,-1.0
688,5.733333333333333,2.176100628930818,-1.0,3.361268961226713,5.733333333333333,-1.0
689,5.733333333333333,2.181256038647343,-1.0,3.3615572795152437,5.733333333333333,-1.0
690,5.733333333333333,2.186396526772793,-1.0,3.361836867117006,5.733333333333333,-1.0
691,-1.0,2.181791907514451,-1.0,3.3615867931488626,5.733333333333333,-1.0
692,5.733333333333333,2.186916786916787,-1.0,3.3618647244013773,5.733333333333333,-1.0
693,-1.0,2.1823246878001923,-1.0,3.361616051733457,5.733333333333333,-1.0
694,-1.0,2.1777458033573143,-1.0,3.3613618299509045,5.733333333333333,-1.0
695,5.733333333333333,2.1828544061302684,-1.0,3.361645058200069,5.733333333333333,-1.0
696,-1.0,2.178287900526064,-1.0,3.361392253949513,5.733333333333333,-1.0
697,-1.0,2.1737344794651383,-1.0,3.361133977631073,5.733333333333333,-1.0
698,5.733333333333333,2.178826895565093,-1.0,3.361422416899868,5.733333333333333,-1.0
699,5.733333333333333,2.183904761904762,-1.0,3.3617023262942607,5.733333333333333,-1.0
700,5.733333333333333,2.1889681407513075,-1.0,3.3619737771630454,5.733333333333333,-1.0
701,-1.0,2.184425451092118,-1.0,3.3617305935768194,5.733333333333333,-1.0
702,5.733333333333333,2.189473684210526,-1.0,3.362000459757961,5.733333333333333,-1.0
703,5.733333333333333,2.194507575757576,-1.0,3.3622619903662767,5.733333333333333,-1.0
704,5.733333333333333,2.199527186761229,-1.0,3.3625152547908814,5.733333333333333,-1.0
705,5.733333333333333,2.204532577903683,-1.0,3.36276032177517,5.733333333333333,-1.0
706,5.733333333333333,2.2095238095238092,-1.0,3.3629972594240134,5.733333333333333,-1.0
707,5.733333333333333,2.2145009416195856,-1.0,3.3632261352108546,5.733333333333333,-1.0
708,5.733333333333333,2.2194640338504934,-1.0,3.363447015984707,5.733333333333333,-1.0
709,-1.0,2.2149295774647886,-1.0,3.3632455010309585,5.733333333333333,-1.0
710,5.733333333333333,2.2198781059540553,-1.0,3.363465112482715,5.733333333333333,-1.0
711,5.733333333333333,2.224812734082397,-1.0,3.3636768433151873,5.733333333333333,-1.0
712,-1.0,2.2202898550724637,-1.0,3.3634830568135707,5.733333333333333,-1.0
713,-1.0,2.21577964519141,-1.0,3.363283745269609,5.733333333333333,-1.0
714,5.733333333333333,2.2206993006993008,-1.0,3.3635008506787973,5.733333333333333,-1.0
715,5.733333333333333,2.2256052141527003,-1.0,3.3637101704901826,5.733333333333333,-1.0
716,-1.0,2.221106462110646,-1.0,3.3635184957562,5.733333333333333,-1.0
717,5.733333333333333,2.2259981429897864,-1.0,3.3637266254692895,5.733333333333333,-1.0
718,-1.0,2.2215113583681037,-1.0,3.36353599370026,5.733333333333333,-1.0
719,5.733333333333333,2.2263888888888888,-1.0,3.3637429434346156,5.733333333333333,-1.0
720,-1.0,2.221914008321775,-1.0,3.3635533461425187,5.733333333333333,-1.0
721,5.733333333333333,2.2267774699907665,-1.0,3.3637591259033126,5.733333333333333,-1.0
722,-1.0,2.222314430613186,-1.0,3.3635705546919636,5.733333333333333,-1.0
723,5.733333333333333,2.2271639042357276,-1.0,3.3637751743715842,5.733333333333333,-1.0
724,5.733333333333333,2.232,-1.0,3.3639722551372704,5.733333333333333,-1.0
725,-1.0,2.2275482093663914,-1.0,3.363791090315039,5.733333333333333,-1.0
726,5.733333333333333,2.232370472260431,-1.0,3.363987065464498,5.733333333333333,-1.0
727,5.733333333333333,2.237179487179487,-1.0,3.364175607008781,5.733333333333333,-1.0
728,-1.0,2.232738911751257,-1.0,3.364001753998913,5.733333333333333,-1.0
729,5.733333333333333,2.2375342465753425,-1.0,3.3641892429715963,5.733333333333333,-1.0
730,5.733333333333333,2.242316461468308,-1.0,3.364369401672707,5.733333333333333,-1.0
731,-1.0,2.2378870673952638,-1.0,3.364202767262393,5.733333333333333,-1.0
732,-1.0,2.233469758981355,-1.0,3.3640307709989097,5.733333333333333,-1.0
733,5.733333333333333,2.238237965485922,-1.0,3.364216181097385,5.733333333333333,-1.0
734,-1.0,2.2338321995464856,-1.0,3.364045102074189,5.733333333333333,-1.0
735,5.733333333333333,2.238586956521739,-1.0,3.3642294856762724,5.733333333333333,-1.0
736,5.733333333333333,2.2433288104929896,-1.0,3.364406666513269,5.733333333333333,-1.0
737,-1.0,2.238934056007227,-1.0,3.3642426821825104,5.733333333333333,-1.0
738,-1.0,2.2345511953089763,-1.0,3.364073415767316,5.733333333333333,-1.0
739,5.733333333333333,2.239279279279279,-1.0,3.364255771783569,5.733333333333333,-1.0
740,5.733333333333333,2.243994601889339,-1.0,3.3644310082044644,5.733333333333333,-1.0
741,5.733333333333333,2.2486972147349507,-1.0,3.3645991816047536,5.733333333333333,-1.0
742,-1.0,2.244324809331539,-1.0,3.3644430318238765,5.733333333333333,-1.0
743,5.733333333333333,2.2490143369175626,-1.0,3.3646102855678617,5.733333333333333,-1.0
744,-1.0,2.244653243847875,-1.0,3.364454958696354,5.733333333333333,-1.0
745,5.733333333333333,2.2493297587131367,-1.0,3.3646213003065215,5.733333333333333,-1.0
746,5.733333333333333,2.2539937527889333,-1.0,3.364780714834586,5.733333333333333,-1.0
747,5.733333333333333,2.2586452762923352,-1.0,3.364933256940773,5.733333333333333,-1.0
748,-1.0,2.2542946150422787,-1.0,3.364790776030238,5.733333333333333,-1.0
749,5.733333333333333,2.2589333333333332,-1.0,3.364942491831522,5.733333333333333,-1.0
750,-1.0,2.2545938748335552,-1.0,3.364800756920858,5.733333333333333,-1.0
751,5.733333333333333,2.2592198581560283,-1.0,3.3649516531126156,5.733333333333333,-1.0
752,-1.0,2.2548915449313855,-1.0,3.3648106583588784,5.733333333333333,-1.0
753,-1.0,2.250574712643678,-1.0,3.364664485896858,5.733333333333333,-1.0
754,-1.0,2.246269315673289,-1.0,3.364513177611023,5.733333333333333,-1.0
755,5.733333333333333,2.2508818342151677,-1.0,3.3646750685643663,5.733333333333333,-1.0
756,-1.0,2.246587406428886,-1.0,3.36452454526716,5.733333333333333,-1.0
757,5.733333333333333,2.2511873350923484,-1.0,3.3646855675417267,5.733333333333333,-1.0
758,-1.0,2.2469038208168644,-1.0,3.364535823140898,5.733333333333333,-1.0
759,-1.0,2.2426315789473685,-1.0,3.364381033928664,5.733333333333333,-1.0
760,-1.0,2.2383705650459924,-1.0,3.3642212404586864,5.733333333333333,-1.0
761,-1.0,2.2341207349081365,-1.0,3.3640564829411987,5.733333333333333,-1.0
762,-1.0,2.2298820445609437,-1.0,3.363886801246415,5.733333333333333,-1.0
763,-1.0,2.2256544502617803,-1.0,3.3637122349078887,5.733333333333333,-1.0
764,5.733333333333333,2.230239651416122,-1.0,3.363901323456779,5.733333333333333,-1.0
765,-1.0,2.226022628372498,-1.0,3.3637276493403494,5.733333333333333,-1.0
766,-1.0,2.2218166014776184,-1.0,3.363549152763963,5.733333333333333,-1.0
767,-1.0,2.2176215277777778,-1.0,3.3633658723097666,5.733333333333333,-1.0
768,-1.0,2.213437364542696,-1.0,3.3631778462363604,5.733333333333333,-1.0
769,5.733333333333333,2.218008658008658,-1.0,3.363383005384055,5.733333333333333,-1.0
770,5.733333333333333,2.222568093385214,-1.0,3.363581431394622,5.733333333333333,-1.0
771,-1.0,2.2183937823834197,-1.0,3.363400005386034,5.733333333333333,-1.0
772,5.733333333333333,2.222940922811557,-1.0,3.3635973830108945,5.733333333333333,-1.0
773,-1.0,2.2187769164513353,-1.0,3.3634168736904573,5.733333333333333,-1.0
774,-1.0,2.2146236559139787,-1.0,3.363231685050214,5.733333333333333,-1.0
775,-1.0,2.2104810996563575,-1.0,3.3630418542001688,5.733333333333333,-1.0
776,5.733333333333333,2.2150150150150147,-1.0,3.3632493545670634,5.733333333333333,-1.0
777,-1.0,2.2108826049700085,-1.0,3.3630604767927883,5.733333333333333,-1.0
778,-1.0,2.2067608044501497,-1.0,3.362867014865922,5.733333333333333,-1.0
779,-1.0,2.2026495726495727,-1.0,3.3626690050188754,5.733333333333333,-1.0
780,-1.0,2.198548868971404,-1.0,3.3624664831850053,5.733333333333333,-1.0
781,5.733333333333333,2.20306905370844,-1.0,3.362689439344469,5.733333333333333,-1.0
782,5.733333333333333,2.207577692635164,-1.0,3.362905758832092,5.733333333333333,-1.0
783,5.733333333333333,2.2120748299319732,-1.0,3.3631154913947627,5.733333333333333,-1.0
784,-1.0,2.207983014861996,-1.0,3.362924908928889,5.733333333333333,-1.0
785,5.733333333333333,2.212468193384224,-1.0,3.363133550021737,5.733333333333333,-1.0
786,5.733333333333333,2.216941973739941,-1.0,3.363335689575521,5.733333333333333,-1.0
787,5.733333333333333,2.221404399323181,-1.0,3.363531376118063,5.733333333333333,-1.0
788,-1.0,2.2173215040135195,-1.0,3.363352563564597,5.733333333333333,-1.0
789,5.733333333333333,2.2217721518987346,-1.0,3.3635472382641827,5.733333333333333,-1.0
790,5.733333333333333,2.226211546565529,-1.0,3.3637355430654496,5.733333333333333,-1.0
791,-1.0,2.2221380471380474,-1.0,3.363562980320362,5.733333333333333,-1.0
792,-1.0,2.2180748213535098,-1.0,3.363385929082608,5.733333333333333,-1.0
793,-1.0,2.2140218303946266,-1.0,3.36320442411756,5.733333333333333,-1.0
794,-1.0,2.209979035639413,-1.0,3.3630184999086032,5.733333333333333,-1.0
795,5.733333333333333,2.2144053601340032,-1.0,3.363221809363369,5.733333333333333,-1.0
796,-1.0,2.2103722291928065,-1.0,3.3630367962987227,5.733333333333333,-1.0
797,5.733333333333333,2.2147869674185463,-1.0,3.363239063968059,5.733333333333333,-1.0
798,-1.0,2.2107634543178976,-1.0,3.3630549553677795,5.733333333333333,-1.0
799,5.733333333333333,2.2151666666666667,-1.0,3.3632561892375135,5.733333333333333,-1.0
800,-1.0,2.211152725759467,-1.0,3.3630729784867825,5.733333333333333,-1.0
801,-1.0,2.2071487946799664,-1.0,3.3628854415458878,5.733333333333333,-1.0
802,-1.0,2.203154836031548,-1.0,3.3626936116284516,5.733333333333333,-1.0
803,5.733333333333333,2.207545605306799,-1.0,3.362904240723508,5.733333333333333,-1.0
804,5.733333333333333,2.211925465838509,-1.0,3.363108622273552,5.733333333333333,-1.0
805,5.733333333333333,2.216294458229942,-1.0,3.3633068018505696,5.733333333333333,-1.0
806,5.733333333333333,2.2206526228831063,-1.0,3.3634988246560185,5.733333333333333,-1.0
807,-1.0,2.216666666666667,-1.0,3.3633234225159563,5.733333333333333,-1.0
808,-1.0,2.2126905644829007,-1.0,3.363143738290223,5.733333333333333,-1.0
809,-1.0,2.208724279835391,-1.0,3.3629598045303015,5.733333333333333,-1.0
810,-1.0,2.204767776407727,-1.0,3.362771653528881,5.733333333333333,-1.0
811,5.733333333333333,2.2091133004926107,-1.0,3.3629780524487027,5.733333333333333,-1.0
812,5.733333333333333,2.213448134481345,-1.0,3.363178336906834,5.733333333333333,-1.0
813,5.733333333333333,2.2177723177723174,-1.0,3.3633725510730703,5.733333333333333,-1.0
814,5.733333333333333,2.222085889570552,-1.0,3.3635607387616364,5.733333333333333,-1.0
815,5.733333333333333,2.2263888888888888,-1.0,3.3637429434346156,5.733333333333333,-1.0
816,-1.0,2.222439820481436,-1.0,3.363575933628362,5.733333333333333,-1.0
817,-1.0,2.2185004074979626,-1.0,3.363404704178252,5.733333333333333,-1.0
818,5.733333333333333,2.222792022792023,-1.0,3.3635910172454664,5.733333333333333,-1.0
819,-1.0,2.218861788617886,-1.0,3.363420604454553,5.733333333333333,-1.0
820,5.733333333333333,2.223142509135201,-1.0,3.363605990696492,5.733333333333333,-1.0
821,5.733333333333333,2.2274128142741283,-1.0,3.3637854879641598,5.733333333333333,-1.0
822,-1.0,2.223491292021061,-1.0,3.3636208550518196,5.733333333333333,-1.0
823,5.733333333333333,2.2277508090614884,-1.0,3.3637994632484056,5.733333333333333,-1.0
824,-1.0,2.2238383838383835,-1.0,3.36363561136886,5.733333333333333,-1.0
825,5.733333333333333,2.228087167070218,-1.0,3.363813337082788,5.733333333333333,-1.0
826,-1.0,2.2241837968561065,-1.0,3.3636502606922427,5.733333333333333,-1.0
827,5.733333333333333,2.2284219001610306,-1.0,3.363827110447005,5.733333333333333,-1.0
828,-1.0,2.224527543224769,-1.0,3.363664804053997,5.733333333333333,-1.0
829,5.733333333333333,2.228755020080321,-1.0,3.3638407843089553,5.733333333333333,-1.0
830,5.733333333333333,2.2329723225030085,-1.0,3.3640110384454887,5.733333333333333,-1.0
831,5.733333333333333,2.2371794871794872,-1.0,3.3641756070087805,5.733333333333333,-1.0
832,5.733333333333333,2.241376550620248,-1.0,3.364334530225186,5.733333333333333,-1.0
833,-1.0,2.237490007993605,-1.0,3.3641875446084315,5.733333333333333,-1.0
834,5.733333333333333,2.2416766467065865,-1.0,3.3643456926057436,5.733333333333333,-1.0
835,5.733333333333333,2.24585326953748,-1.0,3.364498263860237,5.733333333333333,-1.0
836,-1.0,2.241975308641975,-1.0,3.3643567750282375,5.733333333333333,-1.0
837,5.733333333333333,2.246141607000795,-1.0,3.3645086051958586,5.733333333333333,-1.0
838,5.733333333333333,2.2502979737783075,-1.0,3.3646549261045924,5.733333333333333,-1.0
839,-1.0,2.2464285714285714,-1.0,3.3645188727213227,5.733333333333333,-1.0
840,-1.0,2.24256837098692,-1.0,3.364378703037729,5.733333333333333,-1.0
841,-1.0,2.2387173396674585,-1.0,3.364234446967823,5.733333333333333,-1.0
842,5.733333333333333,2.2428627916172403,-1.0,3.3643895501215653,5.733333333333333,-1.0
843,-1.0,2.239020537124803,-1.0,3.364245964559878,5.733333333333333,-1.0
844,-1.0,2.2351873767258383,-1.0,3.364098339936141,5.733333333333333,-1.0
845,-1.0,2.231363278171789,-1.0,3.363946705509207,5.733333333333333,-1.0
846,-1.0,2.2275482093663914,-1.0,3.3637910903150385,5.733333333333333,-1.0
847,-1.0,2.2237421383647797,-1.0,3.3636315231686913,5.733333333333333,-1.0
848,5.733333333333333,2.2278759324695723,-1.0,3.36380462817707,5.733333333333333,-1.0
849,5.733333333333333,2.2319999999999998,-1.0,3.363972255137271,5.733333333333333,-1.0
850,5.733333333333333,2.23611437524481,-1.0,3.3641344419700214,5.733333333333333,-1.0
851,-1.0,2.232316118935837,-1.0,3.3639848951457663,5.733333333333333,-1.0
852,-1.0,2.2285267682688548,-1.0,3.363831418622979,5.733333333333333,-1.0
853,5.733333333333333,2.232630757220921,-1.0,3.3639974464056146,5.733333333333333,-1.0
854,-1.0,2.228849902534113,-1.0,3.3638446729848384,5.733333333333333,-1.0
855,-1.0,2.2250778816199377,-1.0,3.363688014723339,5.733333333333333,-1.0
856,5.733333333333333,2.229171528588098,-1.0,3.3638578346073422,5.733333333333333,-1.0
857,5.733333333333333,2.233255633255633,-1.0,3.3640222859857283,5.733333333333333,-1.0
858,-1.0,2.2294916569654637,-1.0,3.3638709043537802,5.733333333333333,-1.0
859,5.733333333333333,2.233565891472868,-1.0,3.3640345759351606,5.733333333333333,-1.0
860,5.733333333333333,2.237630662020906,-1.0,3.3641929424379784,5.733333333333333,-1.0
861,5.733333333333333,2.24168600154679,-1.0,3.364346040137762,5.733333333333333,-1.0
862,-1.0,2.2379297025878713,-1.0,3.3642043990406147,5.733333333333333,-1.0
863,-1.0,2.234182098765432,-1.0,3.36405890015506,5.733333333333333,-1.0
864,-1.0,2.2304431599229284,-1.0,3.363909570820072,5.733333333333333,-1.0
865,5.733333333333333,2.2344880677444188,-1.0,3.3640709359987335,5.733333333333333,-1.0
866,5.733333333333333,2.2385236447520183,-1.0,3.3642270747348526,5.733333333333333,-1.0
867,5.733333333333333,2.2425499231950843,-1.0,3.364378022522804,5.733333333333333,-1.0
868,5.733333333333333,2.24656693517453,-1.0,3.364523814589513,5.733333333333333,-1.0
869,-1.0,2.2428352490421455,-1.0,3.3643885364882493,5.733333333333333,-1.0
870,5.733333333333333,2.2468427095292767,-1.0,3.364533647289083,5.733333333333333,-1.0
871,-1.0,2.243119266055046,-1.0,3.364398978160372,5.733333333333333,-1.0
872,-1.0,2.239404352806415,-1.0,3.3642605053585517,5.733333333333333,-1.0
873,5.733333333333333,2.243401983218917,-1.0,3.3644093482005086,5.733333333333333,-1.0
874,5.733333333333333,2.247390476190476,-1.0,3.3645531107161815,5.733333333333333,-1.0
875,5.733333333333333,2.2513698630136987,-1.0,3.364691827123526,5.733333333333333,-1.0
876,5.733333333333333,2.2553401748384645,-1.0,3.364825531385196,5.733333333333333,-1.0
877,-1.0,2.2516324981017464,-1.0,3.3647008164927565,5.733333333333333,-1.0
878,-1.0,2.2479332574895716,-1.0,3.364572308925702,5.733333333333333,-1.0
879,5.733333333333333,2.2518939393939394,-1.0,3.364709744616736,5.733333333333333,-1.0
880,5.733333333333333,2.2558456299659477,-1.0,3.3648422165487974,5.733333333333333,-1.0
881,-1.0,2.2521541950113377,-1.0,3.364718612050617,5.733333333333333,-1.0
882,5.733333333333333,2.2560966402416005,-1.0,3.3648504741965586,5.733333333333333,-1.0
883,5.733333333333333,2.260030165912519,-1.0,3.3649774295158887,5.733333333333333,-1.0
884,-1.0,2.256346516007533,-1.0,3.3648586759034904,5.733333333333333,-1.0
885,5.733333333333333,2.260270880361174,-1.0,3.36498504916454,5.733333333333333,-1.0
886,-1.0,2.2565952649379932,-1.0,3.3648668221737887,5.733333333333333,-1.0
887,-1.0,2.252927927927928,-1.0,3.36474485566953,5.733333333333333,-1.0
888,-1.0,2.2492688413948256,-1.0,3.364619175340039,5.733333333333333,-1.0
889,-1.0,2.2456179775280902,-1.0,3.364489806687231,5.733333333333333,-1.0
890,5.733333333333333,2.249532360643472,-1.0,3.36462835968505,5.733333333333333,-1.0
891,-1.0,2.2458893871449925,-1.0,3.364499560587843,5.733333333333333,-1.0
892,-1.0,2.242254572601717,-1.0,3.364367113632937,5.733333333333333,-1.0
893,-1.0,2.2386278896346012,-1.0,3.364231043793006,5.733333333333333,-1.0
894,5.733333333333333,2.2425325884543765,-1.0,3.3643773829745727,5.733333333333333,-1.0
895,5.733333333333333,2.2464285714285714,-1.0,3.3645188727213227,5.733333333333333,-1.0
896,5.733333333333333,2.2503158677071724,-1.0,3.364655544929664,5.733333333333333,-1.0
897,5.733333333333333,2.254194506310319,-1.0,3.3647874312635593,5.733333333333333,-1.0
898,-1.0,2.250574712643678,-1.0,3.3646644858968586,5.733333333333333,-1.0
899,5.733333333333333,2.2544444444444447,-1.0,3.3647957764601326,5.733333333333333,-1.0
900,5.733333333333333,2.2583055863854975,-1.0,3.364922335021232,5.733333333333333,-1.0
901,-1.0,2.2546932742054695,-1.0,3.3648040661864953,5.733333333333333,-1.0
902,5.733333333333333,2.2585455887781474,-1.0,3.3649300552850527,5.733333333333333,-1.0
903,5.733333333333333,2.2623893805309736,-1.0,3.3650513654386645,5.733333333333333,-1.0
904,-1.0,2.25878453038674,-1.0,3.3649377244038448,5.733333333333333,-1.0
905,-1.0,2.255187637969095,-1.0,3.364820481185451,5.733333333333333,-1.0
906,-1.0,2.251598676957001,-1.0,3.364699660027418,5.733333333333333,-1.0
907,-1.0,2.2480176211453746,-1.0,3.364575285001263,5.733333333333333,-1.0
908,5.733333333333333,2.251851851851852,-1.0,3.3647083087161485,5.733333333333333,-1.0
909,5.733333333333333,2.255677655677656,-1.0,3.3648366801204674,5.733333333333333,-1.0
910,5.733333333333333,2.259495060373217,-1.0,3.3649604293734168,5.733333333333333,-1.0
911,5.733333333333333,2.2633040935672515,-1.0,3.365079586417937,5.733333333333333,-1.0
912,5.733333333333333,2.2671047827674333,-1.0,3.3651941809825594,5.733333333333333,-1.0
913,-1.0,2.263530269876003,-1.0,3.3650865260943115,5.733333333333333,-1.0
914,5.733333333333333,2.2673224043715847,-1.0,3.3652006124440024,5.733333333333333,-1.0
915,-1.0,2.2637554585152837,-1.0,3.3650934203497633,5.733333333333333,-1.0
916,-1.0,2.260196292257361,-1.0,3.36498268997295,5.733333333333333,-1.0
917,-1.0,2.2566448801742918,-1.0,3.3648684448194217,5.733333333333333,-1.0
918,5.733333333333333,2.2604280014508524,-1.0,3.364990013426133,5.733333333333333,-1.0
919,-1.0,2.256884057971014,-1.0,3.364876256754833,5.733333333333333,-1.0
920,5.733333333333333,2.2606587043069126,-1.0,3.3649972892055615,5.733333333333333,-1.0
921,-1.0,2.2571221981200287,-1.0,3.3648840178905544,5.733333333333333,-1.0
922,-1.0,2.2535933550018057,-1.0,3.364767283280314,5.733333333333333,-1.0
923,-1.0,2.25007215007215,-1.0,3.3646471082632923,5.733333333333333,-1.0
924,5.733333333333333,2.253837837837838,-1.0,3.3647754902563056,5.733333333333333,-1.0
925,-1.0,2.2503239740820735,-1.0,3.364655825240765,5.733333333333333,-1.0
926,5.733333333333333,2.254081265731751,-1.0,3.3647836441502106,5.733333333333333,-1.0
927,5.733333333333333,2.2578304597701147,-1.0,3.364907000871319,5.733333333333333,-1.0
928,5.733333333333333,2.261571582346609,-1.0,3.365025923777736,5.733333333333333,-1.0
929,5.733333333333333,2.265304659498208,-1.0,3.365140441043616,5.733333333333333,-1.0
930,5.733333333333333,2.2690297171500178,-1.0,3.3652505806453,5.733333333333333,-1.0
931,5.733333333333333,2.2727467811158797,-1.0,3.3653563703629623,5.733333333333333,-1.0
932,5.733333333333333,2.276455877098964,-1.0,3.3654578377822557,5.733333333333333,-1.0
933,5.733333333333333,2.280157030692363,-1.0,3.36555501029593,5.733333333333333,-1.0
934,5.733333333333333,2.2838502673796794,-1.0,3.365647915105438,5.733333333333333,-1.0
935,-1.0,2.28034188034188,-1.0,3.365559756669078,5.733333333333333,-1.0
936,5.733333333333333,2.2840270366417643,-1.0,3.3656522601115215,5.733333333333333,-1.0
937,-1.0,2.2805259417199713,-1.0,3.3655644727073795,5.733333333333333,-1.0
938,5.733333333333333,2.2842030528931487,-1.0,3.36565657737801,5.733333333333333,-1.0
939,-1.0,2.280709219858156,-1.0,3.3655691586687992,5.733333333333333,-1.0
940,-1.0,2.277222812610698,-1.0,3.365478307969918,5.733333333333333,-1.0
941,-1.0,2.2737438075017695,-1.0,3.3653840474289214,5.733333333333333,-1.0
942,-1.0,2.2702721809826794,-1.0,3.365286399041568,5.733333333333333,-1.0
943,-1.0,2.2668079096045197,-1.0,3.3651853846530426,5.733333333333333,-1.0
944,5.733333333333333,2.2704761904761903,-1.0,3.365292236453573,5.733333333333333,-1.0
945,-1.0,2.2670190274841437,-1.0,3.365191642752281,5.733333333333333,-1.0
946,5.733333333333333,2.270679338261176,-1.0,3.3652980369099588,5.733333333333333,-1.0
947,-1.0,2.267229254571027,-1.0,3.365197861273564,5.733333333333333,-1.0
948,5.733333333333333,2.2708816297857393,-1.0,3.3653038007220335,5.733333333333333,-1.0
949,-1.0,2.267438596491228,-1.0,3.3652040405499495,5.733333333333333,-1.0
950,-1.0,2.2640028040658953,-1.0,3.365100975566756,5.733333333333333,-1.0
951,5.733333333333333,2.26764705882353,-1.0,3.365210180910999,5.733333333333333,-1.0
952,-1.0,2.2642182581322143,-1.0,3.3651075418228764,5.733333333333333,-1.0
953,-1.0,2.2607966457023063,-1.0,3.3650016319617815,5.733333333333333,-1.0
954,-1.0,2.2573821989528797,-1.0,3.36489247221378,5.733333333333333,-1.0
955,-1.0,2.25397489539749,-1.0,3.3647800833238213,5.733333333333333,-1.0
956,-1.0,2.250574712643678,-1.0,3.3646644858968586,5.733333333333333,-1.0
957,5.733333333333333,2.2542101600556714,-1.0,3.3647879544728068,5.733333333333333,-1.0
958,-1.0,2.250816823079597,-1.0,3.3646728307794347,5.733333333333333,-1.0
959,-1.0,2.2474305555555554,-1.0,3.364554531323804,5.733333333333333,-1.0
960,5.733333333333333,2.2510579257717653,-1.0,3.3646811235944987,5.733333333333333,-1.0
961,-1.0,2.2476784476784473,-1.0,3.364563307204437,5.733333333333333,-1.0
962,5.733333333333333,2.2512980269989615,-1.0,3.364689364774357,5.733333333333333,-1.0
963,5.733333333333333,2.2549100968188105,-1.0,3.364811274579941,5.733333333333333,-1.0
964,5.733333333333333,2.2585146804835925,-1.0,3.364929062005483,5.733333333333333,-1.0
965,5.733333333333333,2.2621118012422357,-1.0,3.365042752263413,5.733333333333333,-1.0
966,-1.0,2.2587383660806615,-1.0,3.364936244028564,5.733333333333333,-1.0
967,-1.0,2.255371900826446,-1.0,3.3648265809014606,5.733333333333333,-1.0
968,-1.0,2.2520123839009285,-1.0,3.364713782758932,5.733333333333333,-1.0
969,-1.0,2.248659793814433,-1.0,3.3645978693454706,5.733333333333333,-1.0
970,-1.0,2.2453141091658084,-1.0,3.364478860274269,5.733333333333333,-1.0
971,5.733333333333333,2.248902606310014,-1.0,3.3646063767598076,5.733333333333333,-1.0
972,5.733333333333333,2.252483727303871,-1.0,3.364729810965944,5.733333333333333,-1.0
973,5.733333333333333,2.2560574948665297,-1.0,3.3648491876394897,5.733333333333333,-1.0
974,-1.0,2.2527179487179487,-1.0,3.3647377511660976,5.733333333333333,-1.0
975,-1.0,2.2493852459016392,-1.0,3.364623234893884,5.733333333333333,-1.0
976,-1.0,2.246059365404299,-1.0,3.3645056580910446,5.733333333333333,-1.0
977,-1.0,2.242740286298569,-1.0,3.3643850398985706,5.733333333333333,-1.0
978,-1.0,2.2394279877425944,-1.0,3.3642613993312267,5.733333333333333,-1.0
979,-1.0,2.236122448979592,-1.0,3.3641347552785277,5.733333333333333,-1.0
980,5.733333333333333,2.239687393815834,-1.0,3.3642712002320385,5.733333333333333,-1.0
981,-1.0,2.2363883231500337,-1.0,3.364145061922123,5.733333333333333,-1.0
982,-1.0,2.233095964733808,-1.0,3.3640159500260407,5.733333333333333,-1.0
983,-1.0,2.229810298102981,-1.0,3.363883883077418,5.733333333333333,-1.0
984,5.733333333333333,2.23336717428088,-1.0,3.3640267076487573,5.733333333333333,-1.0
985,-1.0,2.2300878972278566,-1.0,3.36389516545671,5.733333333333333,-1.0
986,-1.0,2.2268152651131374,-1.0,3.3637606974825,5.733333333333333,-1.0
987,5.733333333333333,2.2303643724696354,-1.0,3.3639063793514037,5.733333333333333,-1.0
988,-1.0,2.227098078867543,-1.0,3.363772443811294,5.733333333333333,-1.0
989,-1.0,2.223838383838384,-1.0,3.3636356113688604,5.733333333333333,-1.0
990,5.733333333333333,2.227379751093172,-1.0,3.3637841190531934,5.733333333333333,-1.0
991,-1.0,2.224126344086021,-1.0,3.3636478265245087,5.733333333333333,-1.0
992,-1.0,2.2208794897616646,-1.0,3.3635086655893294,5.733333333333333,-1.0
993,5.733333333333333,2.224413145539906,-1.0,3.3636599679770667,5.733333333333333,-1.0
994,-1.0,2.221172529313233,-1.0,3.363521354241745,5.733333333333333,-1.0
995,-1.0,2.2179384203480588,-1.0,3.363379900218147,5.733333333333333,-1.0
996,5.733333333333333,2.221464393179539,-1.0,3.363533966562344,5.733333333333333,-1.0
997,-1.0,2.218236472945892,-1.0,3.363393066835403,5.733333333333333,-1.0
998,-1.0,2.215015015015015,-1.0,3.363249354567064,5.733333333333333,-1.0
999,-1.0,2.2118,-1.0,3.3631028470744098,5.733333333333333,-1.0
